id_match,id_team,Number_of_goals_scored,Number_of_goals_conceded
1,77,4,1
2,164,3,1
3,226,2,1
4,10,1,0
5,41,3,0
6,226,4,0
7,218,1,0
8,10,6,3
9,41,1,0
10,28,4,0
11,156,1,0
12,218,4,0
13,10,3,1
14,218,6,1
15,218,4,2
16,14,3,2
17,54,2,1
18,82,5,2
19,95,4,2
20,190,3,1
21,195,3,2
22,196,3,2
23,14,2,1
24,54,3,2
25,82,2,1
26,104,1,1
27,104,1,0
28,54,3,1
29,104,1,0
30,82,3,2
31,104,2,1
32,141,7,1
33,66,3,0
34,92,3,0
35,104,0,2
36,120,1,2
37,120,6,2
38,131,2,0
39,131,2,2
40,92,6,1
41,196,1,1
42,28,6,5
43,50,3,3
44,54,3,0
45,77,3,1
46,95,6,0
47,104,2,1
48,50,2,1
49,196,4,2
50,28,1,1
51,95,2,0
52,104,3,1
53,195,8,0
54,28,2,1
55,95,5,1
56,104,2,1
57,104,4,2
58,28,4,2
59,21,1,3
60,54,1,1
61,84,0,6
62,95,4,1
63,120,4,4
64,150,6,1
65,153,4,0
66,159,2,4
67,195,1,4
68,195,7,1
69,196,1,6
70,226,1,9
71,28,4,0
72,68,2,0
73,195,3,2
74,226,3,0
75,28,2,2
76,226,4,1
77,190,2,0
78,195,2,2
79,28,2,0
80,104,2,0
81,190,1,0
82,196,2,1
83,218,8,0
84,28,7,1
85,218,2,2
86,28,6,1
87,218,3,2
88,195,3,1
89,218,2,1
90,50,3,2
91,50,5,0
92,68,4,1
93,76,5,2
94,77,1,4
95,101,1,2
96,101,2,1
97,103,9,0
98,120,4,2
99,131,2,1
100,131,1,1
101,149,0,1
102,175,0,2
103,195,4,1
104,195,5,0
105,196,3,3
106,207,4,2
107,216,1,5
108,216,4,0
109,223,3,2
110,226,4,0
111,226,7,2
112,226,4,0
113,14,1,0
114,28,5,0
115,218,2,0
116,226,1,0
117,68,4,4
118,196,2,1
119,14,5,0
120,28,1,1
121,77,3,2
122,218,7,0
123,68,2,0
124,104,4,1
125,196,4,1
126,14,7,5
127,218,4,2
128,95,4,2
129,95,4,2
130,14,3,1
131,103,3,1
132,104,1,0
133,120,5,2
134,73,6,0
135,73,1,1
136,73,5,2
137,73,1,1
138,73,3,2
139,76,6,0
140,76,1,0
141,77,11,1
142,77,2,3
143,84,1,3
144,92,2,1
145,95,0,6
146,95,7,0
147,101,1,0
148,101,0,3
149,120,1,1
150,131,9,2
151,149,1,1
152,150,1,1
153,150,3,0
154,160,1,3
155,164,2,5
156,164,2,3
157,167,2,0
158,175,6,2
159,195,2,8
160,195,2,0
161,207,1,4
162,216,2,0
163,223,8,1
164,223,2,2
165,226,3,1
166,226,5,2
167,28,3,0
168,77,7,3
169,95,1,1
170,149,1,0
171,195,3,0
172,226,1,1
173,10,3,1
174,28,0,0
175,156,3,2
176,212,2,0
177,226,3,2
178,195,2,1
179,28,2,0
180,54,6,1
181,68,2,2
182,77,2,1
183,95,4,0
184,195,0,0
185,149,2,1
186,212,1,0
187,223,2,1
188,28,1,0
189,77,4,0
190,195,2,0
191,28,5,2
192,28,5,2
193,159,3,2
194,95,9,0
195,96,4,1
196,96,8,3
197,98,7,0
198,98,7,2
199,10,2,2
200,10,2,0
201,14,0,1
202,14,1,2
203,21,1,2
204,21,0,0
205,25,2,0
206,25,1,2
207,28,3,1
208,31,5,1
209,31,3,0
210,36,2,4
211,36,3,3
212,41,1,0
213,41,8,0
214,42,1,0
215,43,0,4
216,43,3,5
217,47,4,0
218,47,1,6
219,47,8,0
220,51,1,3
221,51,1,1
222,54,2,3
223,54,0,0
224,57,3,1
225,57,0,1
226,68,5,1
227,68,0,0
228,68,3,2
229,73,5,2
230,73,6,3
231,73,2,1
232,73,0,0
233,76,3,3
234,76,2,3
235,77,0,0
236,77,2,0
237,77,4,0
238,78,1,4
239,78,1,0
240,84,1,0
241,101,9,1
242,103,3,0
243,149,1,0
244,159,1,0
245,160,4,1
246,160,0,2
247,164,1,3
248,164,0,1
249,175,2,3
250,175,0,2
251,190,0,1
252,190,3,1
253,192,0,1
254,195,8,3
255,196,4,0
256,196,1,3
257,197,2,4
258,212,0,1
259,212,5,1
260,212,1,5
261,216,2,2
262,216,4,1
263,218,1,0
264,218,2,2
265,223,3,0
266,223,0,4
267,223,1,2
268,223,4,0
269,226,1,2
270,226,4,0
271,226,7,0
272,150,2,0
273,156,6,1
274,10,1,0
275,28,2,0
276,41,3,1
277,218,2,1
278,54,1,0
279,95,2,1
280,212,2,0
281,28,0,0
282,41,2,0
283,68,3,1
284,226,3,1
285,95,6,1
286,190,1,0
287,212,4,4
288,28,2,1
289,95,0,0
290,212,2,1
291,68,0,0
292,104,3,0
293,131,3,1
294,226,5,0
295,28,3,1
296,41,2,1
297,54,1,0
298,28,4,2
299,54,3,1
300,41,1,0
301,28,3,1
302,73,2,2
303,160,3,1
304,175,2,2
305,207,3,3
306,212,2,2
307,223,1,1
308,10,7,0
309,21,1,3
310,21,0,3
311,25,4,1
312,31,5,0
313,31,2,5
314,31,1,5
315,43,2,0
316,47,0,0
317,47,5,1
318,47,0,2
319,47,1,1
320,47,1,0
321,52,2,1
322,54,3,0
323,54,0,3
324,54,2,5
325,61,2,0
326,61,4,3
327,61,2,0
328,63,2,3
329,65,1,1
330,68,6,0
331,68,1,1
332,72,4,1
333,73,3,0
334,73,1,2
335,76,2,1
336,76,4,0
337,77,3,1
338,77,3,0
339,78,5,0
340,78,1,1
341,83,4,0
342,83,1,1
343,84,1,2
344,84,2,1
345,87,2,0
346,87,3,1
347,93,2,0
348,93,1,4
349,95,3,0
350,95,1,1
351,101,3,0
352,101,1,1
353,103,0,2
354,103,4,2
355,103,3,2
356,104,2,1
357,106,3,0
358,120,5,1
359,120,2,0
360,131,4,1
361,131,2,2
362,131,1,0
363,131,1,3
364,136,1,2
365,136,1,4
366,136,0,10
367,136,1,1
368,141,2,3
369,146,8,0
370,149,1,4
371,149,2,7
372,150,2,0
373,150,1,0
374,156,1,0
375,157,4,1
376,159,4,1
377,160,2,0
378,187,2,1
379,195,1,2
380,206,0,0
381,216,2,6
382,68,0,0
383,28,2,0
384,10,2,1
385,77,1,1
386,104,2,0
387,160,3,1
388,95,3,1
389,190,2,1
390,218,2,1
391,68,2,0
392,160,3,0
393,212,1,0
394,10,2,0
395,160,3,1
396,68,2,0
397,95,3,1
398,212,2,1
399,68,1,0
400,212,2,1
401,68,2,1
402,160,2,1
403,207,0,0
404,216,2,1
405,218,2,0
406,175,6,3
407,2,2,1
408,2,2,0
409,10,5,0
410,10,2,4
411,13,3,2
412,14,5,0
413,14,1,1
414,21,0,0
415,21,1,2
416,25,3,6
417,25,1,2
418,31,3,0
419,31,4,1
420,31,0,3
421,41,4,4
422,41,0,2
423,41,2,1
424,43,1,1
425,43,6,1
426,47,0,9
427,47,3,0
428,47,2,1
429,47,2,2
430,50,3,4
431,50,2,1
432,52,2,0
433,52,2,1
434,54,3,3
435,54,0,2
436,54,1,1
437,57,3,1
438,57,1,0
439,61,1,0
440,61,1,0
441,63,6,0
442,63,1,0
443,65,1,0
444,65,7,1
445,73,4,0
446,76,4,2
447,76,2,0
448,76,0,0
449,77,4,1
450,77,2,0
451,78,2,3
452,78,2,1
453,84,2,1
454,93,0,2
455,93,5,1
456,95,2,3
457,95,1,1
458,101,0,0
459,103,2,1
460,103,2,0
461,104,3,3
462,104,1,3
463,105,0,3
464,105,1,0
465,105,2,4
466,105,6,0
467,120,0,2
468,131,4,2
469,131,4,1
470,131,7,0
471,131,1,0
472,141,1,0
473,141,0,1
474,147,1,1
475,149,0,3
476,149,2,0
477,150,0,3
478,150,0,1
479,150,0,0
480,156,1,1
481,156,1,1
482,157,1,1
483,157,6,0
484,159,3,2
485,159,4,1
486,159,1,3
487,160,5,2
488,160,1,0
489,160,3,2
490,164,1,1
491,164,4,0
492,164,2,1
493,175,3,2
494,175,2,1
495,190,1,2
496,190,2,1
497,195,5,1
498,212,2,1
499,212,1,2
500,212,2,1
501,226,0,2
502,104,1,0
503,147,1,0
504,141,3,1
505,68,1,0
506,157,3,2
507,218,2,0
508,21,3,0
509,28,4,1
510,104,1,0
511,157,3,0
512,164,2,1
513,212,4,1
514,28,1,0
515,131,4,0
516,195,1,1
517,28,3,2
518,195,1,0
519,212,2,0
520,31,1,1
521,68,1,0
522,104,0,0
523,131,1,0
524,28,4,2
525,104,4,1
526,218,1,0
527,28,3,1
528,28,4,1
529,196,4,2
530,150,0,0
531,156,5,0
532,157,0,0
533,159,2,1
534,175,3,0
535,176,1,1
536,187,1,0
537,10,5,0
538,10,0,2
539,13,2,0
540,13,1,2
541,13,4,1
542,13,1,0
543,13,1,0
544,14,0,2
545,14,1,1
546,21,1,0
547,21,1,4
548,21,1,1
549,24,1,0
550,24,4,2
551,25,0,1
552,25,0,1
553,28,3,0
554,28,3,2
555,28,1,0
556,31,0,5
557,31,2,0
558,31,1,2
559,35,6,1
560,36,0,2
561,36,0,2
562,41,6,1
563,41,3,0
564,43,1,1
565,43,2,0
566,43,2,0
567,47,2,0
568,47,1,0
569,52,2,3
570,52,3,1
571,52,2,1
572,54,3,1
573,54,2,5
574,54,1,0
575,54,3,0
576,57,1,1
577,57,8,0
578,57,2,0
579,61,0,2
580,61,4,1
581,63,3,0
582,63,1,3
583,65,0,0
584,65,0,0
585,67,1,1
586,67,0,1
587,67,6,1
588,67,4,1
589,67,2,1
590,67,0,1
591,72,4,2
592,72,3,0
593,73,0,0
594,73,0,5
595,73,2,0
596,73,0,3
597,73,0,1
598,73,1,0
599,73,0,1
600,73,1,2
601,76,5,0
602,76,1,0
603,76,7,0
604,77,1,0
605,77,0,0
606,78,1,1
607,78,0,0
608,83,2,1
609,84,1,2
610,84,5,1
611,84,1,0
612,87,2,0
613,87,2,1
614,92,3,0
615,92,3,0
616,92,2,1
617,92,1,0
618,93,4,0
619,93,1,2
620,93,7,2
621,95,6,0
622,95,3,1
623,95,2,1
624,101,4,1
625,101,1,0
626,101,3,0
627,103,1,2
628,103,1,0
629,104,2,0
630,104,2,1
631,104,3,0
632,104,0,1
633,105,3,1
634,105,2,1
635,106,4,1
636,106,0,6
637,117,0,1
638,120,2,1
639,120,2,0
640,120,1,1
641,136,2,2
642,136,0,1
643,136,2,1
644,136,5,0
645,136,3,6
646,136,1,3
647,141,4,2
648,141,4,1
649,141,2,1
650,143,1,0
651,146,1,0
652,146,1,1
653,149,7,0
654,160,0,0
655,164,4,0
656,175,1,1
657,190,2,1
658,192,0,6
659,195,0,5
660,196,0,1
661,196,1,2
662,205,3,1
663,205,3,1
664,206,1,1
665,206,7,1
666,207,1,3
667,207,0,2
668,212,1,1
669,216,1,0
670,216,0,0
671,216,6,1
672,218,3,0
673,218,0,0
674,221,0,2
675,221,2,0
676,221,2,3
677,223,4,0
678,223,1,3
679,226,4,2
680,226,6,1
681,226,2,2
682,227,2,0
683,190,5,3
684,212,4,0
685,192,2,1
686,28,0,0
687,56,0,2
688,104,3,1
689,159,3,2
690,195,0,0
691,218,0,2
692,175,0,0
693,226,9,0
694,10,1,1
695,31,1,1
696,92,0,7
697,141,0,0
698,13,0,0
699,56,0,3
700,175,1,1
701,10,4,1
702,31,1,4
703,159,2,1
704,195,3,0
705,141,4,0
706,195,0,1
707,10,1,2
708,159,2,1
709,141,2,0
710,195,2,1
711,106,0,0
712,131,0,0
713,147,2,1
714,149,5,2
715,149,3,1
716,160,1,0
717,2,3,0
718,2,2,2
719,2,2,1
720,3,4,1
721,8,1,0
722,8,6,0
723,10,1,1
724,10,3,1
725,10,2,2
726,13,0,4
727,13,4,1
728,13,1,1
729,13,1,2
730,13,2,0
731,13,1,0
732,13,2,0
733,13,3,0
734,13,4,0
735,14,1,2
736,14,0,1
737,14,4,2
738,21,4,0
739,21,2,0
740,21,1,2
741,25,1,1
742,25,1,2
743,28,1,3
744,31,1,0
745,31,2,4
746,31,4,0
747,35,3,0
748,36,1,0
749,36,3,1
750,41,2,0
751,41,4,1
752,41,1,3
753,43,0,2
754,43,2,0
755,45,1,3
756,47,0,2
757,48,1,3
758,48,1,1
759,48,4,0
760,52,0,2
761,52,1,3
762,52,1,0
763,54,1,5
764,54,2,1
765,55,1,1
766,56,5,1
767,56,7,0
768,56,2,1
769,56,3,0
770,56,2,0
771,56,0,4
772,57,2,0
773,57,4,1
774,61,3,0
775,63,3,0
776,63,2,0
777,65,0,0
778,65,2,2
779,66,2,1
780,67,1,1
781,68,1,1
782,68,4,0
783,72,4,2
784,72,5,0
785,72,1,0
786,73,2,0
787,73,4,1
788,73,9,0
789,76,1,0
790,76,0,2
791,76,0,0
792,77,2,1
793,77,0,4
794,78,2,0
795,78,0,0
796,78,0,2
797,78,0,0
798,78,2,1
799,78,2,2
800,83,0,3
801,83,1,3
802,83,0,0
803,84,2,5
804,84,0,3
805,87,6,2
806,87,2,1
807,89,1,0
808,89,1,0
809,92,1,0
810,92,3,0
811,92,0,1
812,92,3,0
813,93,9,1
814,93,8,1
815,93,2,1
816,93,2,2
817,93,0,2
818,94,1,1
819,94,1,1
820,94,1,0
821,95,8,0
822,95,0,0
823,95,1,1
824,96,4,2
825,96,2,1
826,96,1,1
827,98,2,2
828,98,2,0
829,99,3,0
830,99,6,0
831,99,2,1
832,99,3,1
833,99,0,0
834,99,3,3
835,100,2,0
836,100,1,1
837,100,0,1
838,100,0,0
839,101,1,0
840,101,2,2
841,103,1,3
842,103,0,1
843,103,2,0
844,103,1,0
845,104,0,5
846,104,1,1
847,104,0,2
848,109,1,1
849,109,0,0
850,115,3,1
851,120,2,1
852,120,2,0
853,128,2,1
854,128,6,0
855,130,3,1
856,131,2,1
857,131,6,2
858,136,1,0
859,141,6,0
860,146,2,1
861,150,4,1
862,150,4,1
863,159,0,2
864,159,2,1
865,160,0,0
866,161,0,2
867,164,0,1
868,164,0,2
869,175,1,0
870,175,3,0
871,176,1,2
872,180,3,3
873,187,1,3
874,187,1,2
875,187,2,2
876,187,4,0
877,187,2,0
878,187,4,0
879,188,0,0
880,190,1,1
881,190,4,1
882,192,3,0
883,195,3,3
884,195,0,4
885,195,3,2
886,195,2,0
887,196,1,1
888,196,0,1
889,196,0,5
890,197,1,4
891,197,6,0
892,197,1,1
893,201,0,2
894,203,0,3
895,205,1,0
896,205,2,1
897,205,3,0
898,205,0,1
899,205,0,0
900,206,3,0
901,206,3,2
902,207,1,0
903,207,5,1
904,207,1,1
905,212,3,0
906,212,0,1
907,212,3,2
908,216,1,1
909,216,1,0
910,218,1,0
911,218,5,0
912,223,12,0
913,223,5,1
914,226,0,0
915,226,3,2
916,226,1,0
917,226,4,0
918,227,2,2
919,227,2,1
920,227,1,2
921,227,1,5
922,227,2,0
923,159,3,2
924,160,4,3
925,10,2,1
926,104,2,1
927,206,3,1
928,14,2,1
929,141,3,0
930,157,3,1
931,195,1,1
932,10,2,1
933,104,3,1
934,159,1,0
935,14,1,0
936,28,0,0
937,141,0,0
938,175,1,1
939,77,3,1
940,104,1,0
941,159,3,1
942,28,1,0
943,157,4,1
944,175,3,2
945,190,1,0
946,10,2,0
947,28,3,0
948,141,5,1
949,10,0,0
950,104,1,0
951,159,1,0
952,10,6,0
953,28,3,1
954,141,2,1
955,28,2,1
956,10,3,1
957,160,2,1
958,106,1,0
959,106,2,0
960,109,0,3
961,110,1,1
962,110,1,0
963,159,1,0
964,3,0,5
965,3,1,0
966,13,1,1
967,13,3,2
968,13,2,0
969,13,4,0
970,13,2,1
971,13,1,0
972,14,0,0
973,14,3,0
974,14,6,0
975,14,5,0
976,17,2,0
977,17,0,0
978,19,2,0
979,21,1,1
980,21,2,1
981,21,1,2
982,25,4,0
983,25,2,2
984,25,2,0
985,28,0,1
986,28,2,0
987,28,1,2
988,28,8,0
989,31,0,1
990,31,0,0
991,35,2,2
992,36,1,0
993,36,2,0
994,36,1,0
995,36,4,1
996,36,0,0
997,36,7,0
998,41,0,2
999,41,2,0
1000,43,0,0
1001,43,5,0
1002,45,0,0
1003,45,1,1
1004,47,1,1
1005,47,0,0
1006,47,11,1
1007,48,4,0
1008,48,0,2
1009,48,1,0
1010,50,2,1
1011,50,2,0
1012,52,3,0
1013,52,0,2
1014,52,2,2
1015,54,1,2
1016,54,0,0
1017,57,0,1
1018,57,1,1
1019,57,3,0
1020,60,1,0
1021,61,4,0
1022,65,0,0
1023,65,3,0
1024,66,6,1
1025,66,1,1
1026,66,1,2
1027,66,1,1
1028,66,4,0
1029,67,2,0
1030,67,1,0
1031,67,1,4
1032,67,1,4
1033,67,2,0
1034,68,4,0
1035,68,3,0
1036,68,2,2
1037,72,3,1
1038,73,2,0
1039,73,0,1
1040,73,1,3
1041,73,0,1
1042,73,2,0
1043,76,2,1
1044,76,1,1
1045,76,6,0
1046,77,9,0
1047,77,3,0
1048,78,1,0
1049,78,2,1
1050,78,3,1
1051,83,0,0
1052,84,3,3
1053,84,2,2
1054,87,0,0
1055,87,1,0
1056,87,3,1
1057,87,2,0
1058,87,0,0
1059,89,0,1
1060,89,1,0
1061,89,0,0
1062,89,4,0
1063,91,1,2
1064,92,2,0
1065,92,2,1
1066,92,0,1
1067,92,2,0
1068,92,1,0
1069,92,0,0
1070,92,2,0
1071,94,1,0
1072,94,3,1
1073,94,3,2
1074,94,2,1
1075,94,1,0
1076,94,0,0
1077,94,1,0
1078,94,2,1
1079,95,2,0
1080,95,4,0
1081,95,1,0
1082,96,2,1
1083,96,1,1
1084,96,4,0
1085,98,1,1
1086,98,0,1
1087,99,2,0
1088,99,0,1
1089,99,4,0
1090,99,2,0
1091,99,0,0
1092,99,0,1
1093,101,2,0
1094,101,4,1
1095,103,3,0
1096,103,2,1
1097,104,0,0
1098,104,4,2
1099,104,2,0
1100,105,6,0
1101,117,1,0
1102,120,1,1
1103,124,2,2
1104,128,1,1
1105,129,1,2
1106,131,1,1
1107,131,1,1
1108,136,0,0
1109,141,1,5
1110,145,1,1
1111,146,2,0
1112,150,2,0
1113,154,0,0
1114,154,1,0
1115,154,2,3
1116,159,2,4
1117,160,1,1
1118,160,1,1
1119,162,1,0
1120,162,1,0
1121,164,1,3
1122,164,2,1
1123,174,2,0
1124,174,3,0
1125,175,2,2
1126,175,2,1
1127,176,2,1
1128,180,2,2
1129,180,0,1
1130,181,0,2
1131,181,1,0
1132,181,1,1
1133,187,3,0
1134,187,2,2
1135,187,1,1
1136,187,0,0
1137,187,3,0
1138,187,1,1
1139,190,1,2
1140,190,1,1
1141,193,2,1
1142,193,1,0
1143,195,1,0
1144,195,2,0
1145,196,5,0
1146,196,2,2
1147,197,0,3
1148,197,3,3
1149,199,1,2
1150,199,3,0
1151,202,1,1
1152,203,2,0
1153,203,1,8
1154,205,0,4
1155,205,1,1
1156,206,4,1
1157,206,2,1
1158,206,1,2
1159,206,1,4
1160,206,7,1
1161,207,2,0
1162,207,1,1
1163,207,1,0
1164,212,2,0
1165,212,1,5
1166,213,2,1
1167,216,2,0
1168,216,2,1
1169,217,2,0
1170,217,0,0
1171,218,1,1
1172,218,1,1
1173,221,3,1
1174,221,7,0
1175,223,2,1
1176,223,2,0
1177,226,1,1
1178,226,2,0
1179,227,3,0
1180,227,2,1
1181,227,7,0
1182,146,1,0
1183,149,0,2
1184,150,1,1
1185,156,0,2
1186,157,4,2
1187,157,0,1
1188,10,0,1
1189,28,2,1
1190,104,0,0
1191,95,10,1
1192,157,0,0
1193,175,5,2
1194,68,3,1
1195,190,1,1
1196,41,0,1
1197,54,1,1
1198,226,0,0
1199,10,4,1
1200,28,4,1
1201,104,1,1
1202,21,1,0
1203,159,0,0
1204,212,3,0
1205,68,2,0
1206,190,2,1
1207,3,0,2
1208,77,4,1
1209,93,1,1
1210,21,1,1
1211,159,5,1
1212,212,2,2
1213,10,2,0
1214,28,4,0
1215,104,1,1
1216,3,3,2
1217,77,1,1
1218,93,0,1
1219,68,1,0
1220,149,1,0
1221,14,0,1
1222,159,3,0
1223,104,2,1
1224,14,2,2
1225,21,0,1
1226,10,1,3
1227,77,4,1
1228,159,0,0
1229,104,3,2
1230,190,0,0
1231,159,0,2
1232,159,3,2
1233,98,0,0
1234,100,6,0
1235,101,0,0
1236,2,1,4
1237,2,1,2
1238,2,4,1
1239,2,0,1
1240,3,2,2
1241,3,0,2
1242,3,0,1
1243,3,0,2
1244,13,0,1
1245,13,6,4
1246,13,0,1
1247,13,0,3
1248,14,0,0
1249,14,3,1
1250,14,3,1
1251,14,2,1
1252,17,4,1
1253,21,8,1
1254,21,1,0
1255,21,4,1
1256,21,3,0
1257,25,1,1
1258,25,6,0
1259,28,4,0
1260,28,4,0
1261,31,1,1
1262,31,0,1
1263,31,2,2
1264,31,3,0
1265,35,0,1
1266,35,2,1
1267,35,2,0
1268,35,6,2
1269,36,2,1
1270,36,0,1
1271,36,1,0
1272,36,3,2
1273,41,1,1
1274,41,5,0
1275,42,1,1
1276,42,2,0
1277,42,2,4
1278,42,4,0
1279,42,3,1
1280,42,4,1
1281,43,1,1
1282,43,4,0
1283,47,5,0
1284,47,1,0
1285,47,0,2
1286,47,2,0
1287,50,2,0
1288,50,0,2
1289,50,1,0
1290,50,1,1
1291,52,5,1
1292,52,0,0
1293,52,1,0
1294,52,1,0
1295,54,4,6
1296,54,3,0
1297,54,0,3
1298,54,3,1
1299,56,1,1
1300,56,0,0
1301,56,0,0
1302,57,1,1
1303,57,2,2
1304,57,3,2
1305,57,1,0
1306,61,2,0
1307,61,1,2
1308,65,2,0
1309,65,0,0
1310,66,5,2
1311,67,2,1
1312,67,1,0
1313,67,0,0
1314,67,1,0
1315,67,2,2
1316,68,3,1
1317,68,4,0
1318,68,1,0
1319,68,2,0
1320,72,0,0
1321,73,1,0
1322,73,6,0
1323,73,2,0
1324,73,0,0
1325,73,2,0
1326,73,2,1
1327,73,0,0
1328,73,2,0
1329,73,2,0
1330,73,2,0
1331,75,2,1
1332,75,1,0
1333,75,0,1
1334,75,1,2
1335,76,0,6
1336,76,1,1
1337,76,1,1
1338,76,3,2
1339,77,0,2
1340,77,2,0
1341,77,4,0
1342,77,4,1
1343,78,3,1
1344,78,1,1
1345,80,1,1
1346,84,0,0
1347,84,3,0
1348,84,0,1
1349,84,1,2
1350,85,0,1
1351,87,1,2
1352,87,3,1
1353,87,2,1
1354,87,3,0
1355,89,1,1
1356,89,9,0
1357,89,1,0
1358,91,1,0
1359,91,0,2
1360,91,3,0
1361,92,2,2
1362,92,4,0
1363,92,2,0
1364,92,0,2
1365,93,1,3
1366,93,2,3
1367,93,1,1
1368,93,1,0
1369,93,3,0
1370,93,2,0
1371,93,0,2
1372,93,0,2
1373,93,8,0
1374,94,6,0
1375,94,1,1
1376,94,1,0
1377,94,2,1
1378,95,0,1
1379,95,0,0
1380,95,4,2
1381,96,2,1
1382,96,1,1
1383,101,2,1
1384,101,3,0
1385,101,1,1
1386,103,0,0
1387,103,0,1
1388,104,1,3
1389,104,3,0
1390,104,1,3
1391,106,1,0
1392,109,1,2
1393,115,2,4
1394,116,0,1
1395,117,1,1
1396,120,1,0
1397,120,3,1
1398,123,3,2
1399,124,2,0
1400,128,2,1
1401,131,3,2
1402,131,2,0
1403,136,5,0
1404,136,0,3
1405,137,3,1
1406,143,0,1
1407,143,2,0
1408,143,3,1
1409,145,2,0
1410,145,1,1
1411,145,9,0
1412,146,5,0
1413,146,1,0
1414,146,1,0
1415,146,2,2
1416,147,2,1
1417,147,3,2
1418,147,2,0
1419,149,1,3
1420,149,3,0
1421,149,2,0
1422,149,2,1
1423,150,1,1
1424,150,2,1
1425,150,1,0
1426,150,1,0
1427,154,1,0
1428,154,2,1
1429,154,1,0
1430,154,2,5
1431,156,3,0
1432,156,0,0
1433,157,0,3
1434,157,2,3
1435,159,2,0
1436,159,1,0
1437,160,4,1
1438,160,0,2
1439,160,3,0
1440,160,0,2
1441,162,0,7
1442,162,2,3
1443,162,2,0
1444,162,0,1
1445,164,1,3
1446,164,4,0
1447,164,1,1
1448,164,0,0
1449,174,2,0
1450,174,1,0
1451,174,2,1
1452,175,4,1
1453,175,4,0
1454,175,1,1
1455,175,2,1
1456,176,1,0
1457,180,0,1
1458,181,2,1
1459,181,6,0
1460,185,3,0
1461,187,0,0
1462,187,0,2
1463,192,1,0
1464,193,0,0
1465,193,4,0
1466,195,1,0
1467,195,0,2
1468,195,2,3
1469,195,3,0
1470,196,0,0
1471,196,0,0
1472,196,1,0
1473,196,0,1
1474,197,5,0
1475,197,3,1
1476,199,1,0
1477,199,0,3
1478,199,5,2
1479,199,0,1
1480,201,2,0
1481,201,2,2
1482,203,2,0
1483,205,0,0
1484,205,1,0
1485,206,2,0
1486,207,1,0
1487,207,0,0
1488,207,2,0
1489,207,1,1
1490,212,0,2
1491,212,2,1
1492,212,2,0
1493,212,0,0
1494,216,6,1
1495,216,3,0
1496,218,2,0
1497,218,0,0
1498,221,5,0
1499,221,0,1
1500,223,3,2
1501,223,0,0
1502,223,2,2
1503,223,2,2
1504,226,0,2
1505,226,1,1
1506,226,1,2
1507,226,0,4
1508,227,1,0
1509,227,2,1
1510,228,4,0
1511,131,0,0
1512,131,2,2
1513,136,3,2
1514,31,1,1
1515,36,0,1
1516,190,0,1
1517,136,0,0
1518,212,6,0
1519,3,1,1
1520,21,1,2
1521,160,1,0
1522,156,1,0
1523,175,0,1
1524,77,1,1
1525,104,1,1
1526,28,1,0
1527,68,0,0
1528,95,2,0
1529,131,1,1
1530,149,1,2
1531,159,1,0
1532,57,6,1
1533,100,1,2
1534,95,0,3
1535,212,2,0
1536,10,2,0
1537,68,3,0
1538,100,0,1
1539,156,2,2
1540,160,1,3
1541,3,0,3
1542,149,0,3
1543,175,0,0
1544,131,2,0
1545,212,3,4
1546,10,1,0
1547,28,4,0
1548,104,0,2
1549,57,1,5
1550,68,3,0
1551,28,1,1
1552,10,2,1
1553,190,1,1
1554,10,2,0
1555,77,4,2
1556,199,3,1
1557,157,1,2
1558,157,4,1
1559,160,1,0
1560,2,1,1
1561,2,1,2
1562,2,3,0
1563,3,3,1
1564,3,5,0
1565,3,0,0
1566,6,4,0
1567,6,0,0
1568,9,2,1
1569,10,2,1
1570,10,0,4
1571,10,6,1
1572,10,1,1
1573,10,1,0
1574,13,1,1
1575,13,2,0
1576,13,3,0
1577,13,3,0
1578,14,0,0
1579,14,2,0
1580,14,0,2
1581,17,1,1
1582,17,1,1
1583,18,2,2
1584,18,0,0
1585,18,0,1
1586,21,0,5
1587,21,6,1
1588,21,1,1
1589,21,2,0
1590,23,1,1
1591,25,3,1
1592,25,1,2
1593,28,0,0
1594,28,1,0
1595,30,0,0
1596,30,1,0
1597,30,1,0
1598,31,0,0
1599,31,8,0
1600,31,1,1
1601,31,2,0
1602,35,4,0
1603,36,7,1
1604,36,1,4
1605,36,0,0
1606,36,0,4
1607,41,2,1
1608,41,2,1
1609,41,0,4
1610,41,3,2
1611,42,4,0
1612,42,2,0
1613,42,5,1
1614,43,2,3
1615,43,2,3
1616,43,2,0
1617,43,1,2
1618,47,1,1
1619,47,0,2
1620,47,1,1
1621,47,2,1
1622,48,0,1
1623,48,1,2
1624,52,0,2
1625,52,1,1
1626,52,5,1
1627,54,2,0
1628,54,0,0
1629,54,0,0
1630,54,4,0
1631,57,1,0
1632,57,2,0
1633,57,1,2
1634,57,1,3
1635,57,0,0
1636,61,0,0
1637,65,4,1
1638,65,1,0
1639,66,3,0
1640,66,1,1
1641,66,0,1
1642,67,2,0
1643,67,1,1
1644,67,1,0
1645,68,2,0
1646,68,3,3
1647,68,0,2
1648,68,1,0
1649,72,1,0
1650,73,2,0
1651,73,0,1
1652,73,2,1
1653,73,2,1
1654,73,1,0
1655,73,3,0
1656,76,3,2
1657,76,3,0
1658,76,4,1
1659,76,0,1
1660,77,1,1
1661,77,0,1
1662,77,1,1
1663,77,1,1
1664,77,1,0
1665,78,1,0
1666,78,4,0
1667,78,2,2
1668,78,1,3
1669,80,0,2
1670,83,2,0
1671,83,2,0
1672,84,6,0
1673,84,0,2
1674,84,1,2
1675,87,0,2
1676,87,2,2
1677,89,1,2
1678,91,3,0
1679,92,1,0
1680,92,1,1
1681,92,4,0
1682,93,0,1
1683,93,0,2
1684,93,1,0
1685,93,2,1
1686,93,3,0
1687,94,3,0
1688,94,1,0
1689,94,2,2
1690,94,3,3
1691,95,0,0
1692,95,1,0
1693,95,13,0
1694,96,5,0
1695,96,1,2
1696,96,0,1
1697,97,2,2
1698,97,2,0
1699,97,1,0
1700,98,0,2
1701,98,1,0
1702,98,2,4
1703,98,1,0
1704,100,1,0
1705,100,0,0
1706,100,2,1
1707,100,1,2
1708,100,1,1
1709,100,0,1
1710,101,3,1
1711,101,2,0
1712,101,0,0
1713,101,2,2
1714,103,1,0
1715,103,6,0
1716,103,2,1
1717,106,3,0
1718,106,0,1
1719,106,0,1
1720,106,2,1
1721,107,0,0
1722,107,1,0
1723,109,0,1
1724,109,1,2
1725,110,2,4
1726,110,0,1
1727,116,1,1
1728,117,0,5
1729,117,3,1
1730,117,1,1
1731,120,2,0
1732,120,5,0
1733,120,1,1
1734,120,2,1
1735,121,5,1
1736,121,2,0
1737,121,4,0
1738,123,3,0
1739,124,0,0
1740,124,1,0
1741,125,3,0
1742,125,2,1
1743,128,2,2
1744,128,4,0
1745,128,0,0
1746,128,0,1
1747,130,1,1
1748,136,0,2
1749,136,4,0
1750,136,0,0
1751,136,0,0
1752,136,0,1
1753,140,2,0
1754,140,0,0
1755,141,0,3
1756,141,0,3
1757,141,0,1
1758,141,1,2
1759,143,3,2
1760,143,1,2
1761,143,1,0
1762,146,0,1
1763,146,5,0
1764,146,2,2
1765,147,0,0
1766,147,5,1
1767,148,1,1
1768,148,5,0
1769,149,1,0
1770,149,0,2
1771,149,1,2
1772,150,0,0
1773,150,2,0
1774,150,1,0
1775,154,1,3
1776,159,0,0
1777,159,2,1
1778,160,1,0
1779,160,4,0
1780,161,2,1
1781,175,3,2
1782,175,5,2
1783,176,4,0
1784,180,2,0
1785,187,1,2
1786,187,1,0
1787,190,1,0
1788,192,0,2
1789,193,0,2
1790,195,4,0
1791,195,2,1
1792,196,10,0
1793,201,2,0
1794,202,1,2
1795,202,2,0
1796,202,1,0
1797,205,0,4
1798,205,1,0
1799,206,3,1
1800,206,0,2
1801,206,0,2
1802,206,4,0
1803,207,3,2
1804,207,2,0
1805,207,1,2
1806,207,1,2
1807,213,5,1
1808,215,3,0
1809,215,1,0
1810,216,0,1
1811,216,1,3
1812,216,4,0
1813,218,0,0
1814,218,1,0
1815,218,3,1
1816,221,5,0
1817,221,5,0
1818,221,3,3
1819,223,0,1
1820,223,2,0
1821,223,1,0
1822,226,3,2
1823,226,1,0
1824,226,2,0
1825,226,2,3
1826,227,3,2
1827,227,0,0
1828,227,2,0
1829,228,1,0
1830,193,0,0
1831,195,2,1
1832,199,3,3
1833,10,0,1
1834,104,1,0
1835,212,0,2
1836,215,0,2
1837,28,2,1
1838,47,1,0
1839,141,1,1
1840,10,2,0
1841,218,0,0
1842,35,2,1
1843,226,1,0
1844,14,0,1
1845,28,1,0
1846,68,0,0
1847,195,1,2
1848,21,3,1
1849,10,1,1
1850,35,0,4
1851,104,2,0
1852,226,4,1
1853,28,1,0
1854,195,1,2
1855,21,1,2
1856,68,1,0
1857,35,2,1
1858,54,4,1
1859,28,0,1
1860,104,2,0
1861,68,1,0
1862,190,1,2
1863,226,0,0
1864,68,3,2
1865,104,1,1
1866,104,2,1
1867,101,3,2
1868,202,3,1
1869,205,1,1
1870,205,2,3
1871,221,1,1
1872,223,2,1
1873,226,2,0
1874,2,1,2
1875,2,2,0
1876,2,0,5
1877,3,2,1
1878,3,1,0
1879,3,1,1
1880,6,1,1
1881,6,2,1
1882,6,2,0
1883,6,4,0
1884,9,2,3
1885,13,0,1
1886,13,2,1
1887,13,6,2
1888,14,2,2
1889,14,4,2
1890,14,4,0
1891,14,2,0
1892,18,8,0
1893,18,1,2
1894,18,6,0
1895,21,1,3
1896,21,2,1
1897,21,1,0
1898,21,1,2
1899,25,2,0
1900,25,0,0
1901,28,2,2
1902,28,1,1
1903,31,1,1
1904,31,1,5
1905,31,3,0
1906,32,2,1
1907,35,1,0
1908,35,2,1
1909,35,4,2
1910,35,0,0
1911,36,3,2
1912,41,1,1
1913,41,0,2
1914,42,1,0
1915,42,0,0
1916,42,1,2
1917,42,3,0
1918,42,0,0
1919,42,1,1
1920,43,5,0
1921,43,2,2
1922,43,6,0
1923,47,0,1
1924,47,1,1
1925,47,1,0
1926,47,1,1
1927,47,1,0
1928,48,0,4
1929,48,0,2
1930,48,1,0
1931,50,1,1
1932,52,0,1
1933,52,0,3
1934,52,6,0
1935,52,2,0
1936,54,2,2
1937,54,2,1
1938,54,2,0
1939,54,3,1
1940,57,3,1
1941,57,2,0
1942,57,0,0
1943,61,2,1
1944,61,1,3
1945,65,2,0
1946,65,1,4
1947,66,1,1
1948,66,4,0
1949,66,1,0
1950,66,0,2
1951,67,0,1
1952,67,0,3
1953,67,0,1
1954,67,3,1
1955,68,0,0
1956,68,2,1
1957,68,3,0
1958,73,5,1
1959,73,0,0
1960,73,0,1
1961,73,8,0
1962,73,3,1
1963,73,0,0
1964,75,1,0
1965,76,0,1
1966,76,1,2
1967,76,2,0
1968,77,2,0
1969,77,3,0
1970,77,0,1
1971,77,0,1
1972,78,1,2
1973,78,0,0
1974,78,1,1
1975,78,2,1
1976,79,1,1
1977,79,2,0
1978,79,2,1
1979,83,1,0
1980,84,1,4
1981,84,4,0
1982,84,1,0
1983,87,0,1
1984,87,2,0
1985,87,1,0
1986,87,6,0
1987,87,6,0
1988,89,1,1
1989,91,4,0
1990,93,0,8
1991,94,2,1
1992,94,3,1
1993,94,1,2
1994,95,1,4
1995,95,0,0
1996,95,1,2
1997,95,3,0
1998,96,1,2
1999,96,3,0
2000,96,6,0
2001,96,4,0
2002,98,0,0
2003,98,3,0
2004,98,1,0
2005,99,5,0
2006,99,1,2
2007,99,2,3
2008,100,1,0
2009,100,0,3
2010,100,5,0
2011,101,0,0
2012,101,2,0
2013,101,1,0
2014,101,4,0
2015,103,1,3
2016,103,0,1
2017,103,2,0
2018,104,1,2
2019,105,1,0
2020,105,2,1
2021,106,0,0
2022,106,5,0
2023,106,1,0
2024,107,0,0
2025,107,1,3
2026,107,1,2
2027,109,2,0
2028,109,3,0
2029,109,2,0
2030,110,0,0
2031,110,0,2
2032,116,1,1
2033,116,0,0
2034,116,2,1
2035,116,7,1
2036,117,0,0
2037,117,3,0
2038,120,3,1
2039,120,1,1
2040,120,5,1
2041,120,1,1
2042,124,3,1
2043,124,1,0
2044,124,0,0
2045,124,0,1
2046,125,2,0
2047,125,1,3
2048,125,0,1
2049,125,0,1
2050,128,3,2
2051,128,2,0
2052,128,1,5
2053,128,3,0
2054,136,3,0
2055,136,0,2
2056,136,3,0
2057,141,1,0
2058,141,0,1
2059,141,3,0
2060,143,0,0
2061,143,4,1
2062,143,2,0
2063,146,0,0
2064,146,1,2
2065,146,3,2
2066,147,3,0
2067,147,2,0
2068,147,7,0
2069,147,8,0
2070,147,0,0
2071,148,2,0
2072,148,0,1
2073,149,3,0
2074,149,0,0
2075,149,1,0
2076,149,0,0
2077,150,2,0
2078,150,0,1
2079,150,2,2
2080,150,1,3
2081,151,1,1
2082,151,2,0
2083,151,1,0
2084,152,2,0
2085,152,4,0
2086,154,3,0
2087,156,1,4
2088,156,1,0
2089,157,2,0
2090,157,1,0
2091,159,1,1
2092,159,4,0
2093,159,2,1
2094,160,1,0
2095,160,0,0
2096,160,2,0
2097,160,0,3
2098,161,0,0
2099,162,1,1
2100,162,2,0
2101,162,2,2
2102,162,0,0
2103,162,1,1
2104,164,2,2
2105,164,1,0
2106,164,7,0
2107,174,0,0
2108,174,1,0
2109,174,3,0
2110,174,0,8
2111,174,0,5
2112,175,0,5
2113,175,3,0
2114,175,0,0
2115,175,4,0
2116,181,0,1
2117,181,0,3
2118,181,1,2
2119,181,1,4
2120,187,2,0
2121,187,2,0
2122,187,0,0
2123,187,1,3
2124,187,0,1
2125,187,1,0
2126,190,2,1
2127,190,3,3
2128,190,2,3
2129,190,1,1
2130,192,1,2
2131,195,2,2
2132,195,0,1
2133,195,1,1
2134,196,3,0
2135,196,0,0
2136,196,1,2
2137,196,1,0
2138,197,0,1
2139,197,4,1
2140,199,2,1
2141,205,1,0
2142,205,2,0
2143,206,1,0
2144,207,2,0
2145,207,0,2
2146,212,0,3
2147,212,2,3
2148,212,1,0
2149,212,2,1
2150,213,1,1
2151,216,1,1
2152,223,1,1
2153,226,0,4
2154,226,1,5
2155,187,0,0
2156,73,0,1
2157,101,0,2
2158,82,1,0
2159,21,1,0
2160,43,1,3
2161,150,1,0
2162,28,2,0
2163,35,2,2
2164,141,2,1
2165,10,4,0
2166,82,1,1
2167,146,3,0
2168,164,1,4
2169,104,1,0
2170,28,3,0
2171,195,3,1
2172,10,2,1
2173,21,1,0
2174,174,2,1
2175,31,4,0
2176,196,0,2
2177,25,1,3
2178,28,1,1
2179,104,1,1
2180,165,6,1
2181,21,0,1
2182,136,1,2
2183,84,0,2
2184,10,0,2
2185,82,3,2
2186,190,3,0
2187,164,3,2
2188,174,1,3
2189,131,1,1
2190,146,1,2
2191,104,2,1
2192,141,2,3
2193,31,2,1
2194,164,2,2
2195,31,1,2
2196,195,0,1
2197,195,4,0
2198,28,0,0
2199,146,1,0
2200,106,1,5
2201,106,1,0
2202,106,2,1
2203,114,4,1
2204,119,5,1
2205,119,1,1
2206,120,2,0
2207,120,1,3
2208,121,0,1
2209,125,1,1
2210,128,0,0
2211,128,1,1
2212,2,4,0
2213,2,3,1
2214,2,3,2
2215,2,1,0
2216,2,2,2
2217,2,2,0
2218,3,1,3
2219,3,3,0
2220,3,2,0
2221,3,1,0
2222,6,1,1
2223,6,0,0
2224,9,2,0
2225,9,3,2
2226,10,1,0
2227,10,0,0
2228,10,1,0
2229,10,5,0
2230,13,0,0
2231,13,5,0
2232,13,2,1
2233,13,1,1
2234,13,0,1
2235,14,0,1
2236,14,2,0
2237,14,1,1
2238,14,1,1
2239,14,0,0
2240,17,1,0
2241,17,1,1
2242,17,2,0
2243,17,3,2
2244,18,1,0
2245,18,0,0
2246,18,1,0
2247,18,0,2
2248,19,0,3
2249,21,0,0
2250,21,0,5
2251,21,0,3
2252,21,1,1
2253,21,3,1
2254,23,1,1
2255,23,0,1
2256,23,1,0
2257,24,5,0
2258,24,0,0
2259,24,0,0
2260,24,1,0
2261,24,0,4
2262,25,0,0
2263,25,2,0
2264,25,3,0
2265,25,1,0
2266,27,0,3
2267,27,1,0
2268,28,0,2
2269,28,0,2
2270,28,3,0
2271,28,0,2
2272,28,0,0
2273,31,1,1
2274,31,1,0
2275,31,2,0
2276,31,1,1
2277,31,3,0
2278,33,2,0
2279,33,0,0
2280,35,1,0
2281,35,2,2
2282,35,1,1
2283,35,2,0
2284,36,1,0
2285,36,1,0
2286,36,1,1
2287,36,0,1
2288,36,4,1
2289,36,3,0
2290,36,2,1
2291,42,2,0
2292,42,2,0
2293,42,0,1
2294,42,0,1
2295,43,1,2
2296,43,0,2
2297,43,3,1
2298,45,0,4
2299,45,1,1
2300,47,1,1
2301,47,1,0
2302,47,1,1
2303,47,1,0
2304,48,1,0
2305,48,0,0
2306,48,4,2
2307,48,1,2
2308,52,1,2
2309,52,1,1
2310,52,0,2
2311,52,0,0
2312,52,2,0
2313,54,3,0
2314,54,0,0
2315,54,0,2
2316,54,0,1
2317,54,1,4
2318,56,0,0
2319,56,0,0
2320,57,2,1
2321,57,1,4
2322,57,2,1
2323,57,1,2
2324,57,0,2
2325,57,0,0
2326,60,3,1
2327,61,2,2
2328,65,0,2
2329,65,1,1
2330,65,0,0
2331,65,3,1
2332,66,1,0
2333,66,2,1
2334,66,1,0
2335,67,4,1
2336,67,0,0
2337,67,3,0
2338,67,1,1
2339,67,3,0
2340,67,1,0
2341,67,1,2
2342,68,3,1
2343,68,0,2
2344,68,2,0
2345,68,1,0
2346,68,1,0
2347,71,0,2
2348,71,5,4
2349,71,0,0
2350,71,2,1
2351,71,1,0
2352,72,1,2
2353,72,2,0
2354,72,3,0
2355,74,1,1
2356,74,2,0
2357,74,1,1
2358,74,2,2
2359,74,3,0
2360,75,2,0
2361,75,4,0
2362,76,7,0
2363,76,1,2
2364,76,0,3
2365,76,3,0
2366,76,0,4
2367,77,1,0
2368,77,9,0
2369,77,0,0
2370,77,4,0
2371,77,1,0
2372,79,5,0
2373,79,3,1
2374,82,0,3
2375,83,1,1
2376,83,0,0
2377,84,5,1
2378,84,1,0
2379,84,3,0
2380,84,3,0
2381,87,2,2
2382,89,1,1
2383,89,4,0
2384,89,2,0
2385,91,3,2
2386,92,0,2
2387,93,4,0
2388,93,1,2
2389,93,4,0
2390,93,0,0
2391,93,1,0
2392,93,3,1
2393,93,3,0
2394,94,0,0
2395,94,2,1
2396,94,2,2
2397,94,0,1
2398,95,2,1
2399,95,1,2
2400,95,1,2
2401,95,2,0
2402,96,2,0
2403,96,0,0
2404,96,1,0
2405,96,0,3
2406,97,0,3
2407,97,1,1
2408,97,2,0
2409,97,2,1
2410,98,0,1
2411,98,0,1
2412,98,2,1
2413,98,1,0
2414,99,1,0
2415,99,3,0
2416,99,0,1
2417,99,1,0
2418,99,0,0
2419,99,2,1
2420,100,1,1
2421,100,1,0
2422,100,0,0
2423,100,5,0
2424,100,1,1
2425,100,1,1
2426,100,2,0
2427,101,2,2
2428,101,2,0
2429,101,1,1
2430,101,0,4
2431,101,1,3
2432,101,2,0
2433,101,0,0
2434,103,1,2
2435,103,4,1
2436,103,1,0
2437,103,3,1
2438,103,3,0
2439,104,0,0
2440,104,4,2
2441,104,3,1
2442,104,1,0
2443,104,2,1
2444,104,2,1
2445,105,0,2
2446,105,1,2
2447,105,3,1
2448,105,2,1
2449,105,1,1
2450,106,0,0
2451,113,3,0
2452,113,2,1
2453,113,2,1
2454,116,2,0
2455,119,6,0
2456,119,0,2
2457,120,4,0
2458,123,1,1
2459,123,2,1
2460,128,1,0
2461,128,2,0
2462,131,1,1
2463,131,5,0
2464,131,0,0
2465,131,2,0
2466,136,2,0
2467,137,2,1
2468,139,0,1
2469,141,1,4
2470,141,2,0
2471,143,1,2
2472,143,2,0
2473,144,1,0
2474,145,2,1
2475,146,1,1
2476,146,1,0
2477,146,1,0
2478,147,3,1
2479,147,0,3
2480,147,3,0
2481,147,6,1
2482,147,2,0
2483,147,5,2
2484,147,1,2
2485,149,2,1
2486,149,1,0
2487,149,1,0
2488,149,1,0
2489,149,1,0
2490,149,2,3
2491,150,2,0
2492,150,1,2
2493,150,0,1
2494,150,4,0
2495,150,2,1
2496,151,0,0
2497,151,1,0
2498,151,1,0
2499,152,1,1
2500,152,0,1
2501,152,2,0
2502,152,1,0
2503,154,2,1
2504,156,5,0
2505,156,4,2
2506,156,2,3
2507,157,1,0
2508,157,0,1
2509,157,2,3
2510,159,2,0
2511,159,5,1
2512,159,5,0
2513,159,1,4
2514,159,3,0
2515,160,0,1
2516,160,1,2
2517,160,4,0
2518,160,0,0
2519,160,1,2
2520,161,7,1
2521,161,3,0
2522,162,1,1
2523,162,1,0
2524,162,4,1
2525,162,1,1
2526,164,2,1
2527,164,5,1
2528,164,0,0
2529,164,3,1
2530,164,1,0
2531,165,1,1
2532,165,4,0
2533,165,2,0
2534,165,2,0
2535,169,1,0
2536,170,2,4
2537,170,0,0
2538,170,0,1
2539,170,5,0
2540,170,3,0
2541,172,0,6
2542,172,3,1
2543,172,6,1
2544,172,0,0
2545,172,0,3
2546,174,0,2
2547,174,0,0
2548,174,3,0
2549,174,0,3
2550,174,0,1
2551,175,2,0
2552,175,2,1
2553,175,2,1
2554,175,0,1
2555,175,3,1
2556,176,3,2
2557,176,2,0
2558,176,0,0
2559,176,1,0
2560,181,0,0
2561,181,4,0
2562,181,1,2
2563,181,2,1
2564,184,1,0
2565,184,2,0
2566,186,3,0
2567,186,2,1
2568,187,2,0
2569,187,3,1
2570,187,1,1
2571,187,4,0
2572,187,1,2
2573,187,0,1
2574,187,2,0
2575,190,0,0
2576,190,4,0
2577,190,1,1
2578,190,2,1
2579,190,0,2
2580,190,1,3
2581,190,3,0
2582,191,2,2
2583,191,6,0
2584,191,3,2
2585,191,1,1
2586,193,0,2
2587,193,1,0
2588,194,0,2
2589,194,1,3
2590,195,2,1
2591,195,2,1
2592,195,1,1
2593,195,0,0
2594,195,1,2
2595,196,0,0
2596,196,0,0
2597,196,1,0
2598,196,0,0
2599,196,0,0
2600,197,1,1
2601,197,0,3
2602,197,3,0
2603,198,1,0
2604,198,0,1
2605,199,2,0
2606,199,0,0
2607,199,1,2
2608,201,0,0
2609,201,1,1
2610,201,4,0
2611,202,2,0
2612,202,11,0
2613,202,5,0
2614,202,0,1
2615,203,0,4
2616,203,0,0
2617,203,2,2
2618,205,1,2
2619,205,0,0
2620,206,1,1
2621,206,3,0
2622,206,2,2
2623,207,8,0
2624,207,0,0
2625,207,0,5
2626,207,0,0
2627,207,0,3
2628,215,4,0
2629,215,3,0
2630,215,0,1
2631,215,2,2
2632,216,1,0
2633,216,2,0
2634,216,0,0
2635,218,0,0
2636,218,2,1
2637,218,10,0
2638,218,1,0
2639,220,2,1
2640,220,3,2
2641,221,1,0
2642,221,1,1
2643,221,0,1
2644,221,1,1
2645,222,7,0
2646,222,5,1
2647,222,1,0
2648,222,2,0
2649,223,1,0
2650,223,0,1
2651,223,0,4
2652,223,0,0
2653,223,0,4
2654,225,3,1
2655,225,2,1
2656,225,0,2
2657,225,0,0
2658,227,1,2
2659,227,1,1
2660,227,1,0
2661,227,3,0
2662,227,1,0
2663,228,0,0
2664,228,5,0
2665,228,3,2
2666,228,1,1
2667,228,3,0
2668,141,1,0
2669,141,1,0
2670,136,2,1
2671,136,0,0
2672,143,1,1
2673,28,2,1
2674,136,2,2
2675,35,1,1
2676,104,2,2
2677,77,3,0
2678,156,0,0
2679,174,0,1
2680,141,0,0
2681,190,2,3
2682,10,1,0
2683,105,1,3
2684,226,1,0
2685,68,2,0
2686,164,1,0
2687,28,3,0
2688,175,1,1
2689,41,1,1
2690,104,3,0
2691,77,4,0
2692,186,1,1
2693,146,1,0
2694,190,0,0
2695,21,2,2
2696,106,0,1
2697,10,5,0
2698,82,2,2
2699,43,1,0
2700,164,2,1
2701,28,1,2
2702,41,1,1
2703,104,2,1
2704,175,0,3
2705,77,2,1
2706,146,1,3
2707,186,2,2
2708,190,6,1
2709,82,2,0
2710,141,2,2
2711,10,1,0
2712,43,0,2
2713,106,1,2
2714,164,1,1
2715,28,4,1
2716,104,1,0
2717,77,1,0
2718,146,1,4
2719,82,2,1
2720,141,2,1
2721,10,2,2
2722,164,0,1
2723,28,3,2
2724,104,0,0
2725,82,0,3
2726,141,2,1
2727,28,1,1
2728,77,2,1
2729,81,1,1
2730,81,2,1
2731,82,0,1
2732,89,2,2
2733,94,0,0
2734,95,3,2
2735,98,0,1
2736,99,2,1
2737,99,0,0
2738,2,1,2
2739,2,0,0
2740,2,2,1
2741,2,5,1
2742,2,0,5
2743,3,1,1
2744,6,0,8
2745,6,0,5
2746,6,1,3
2747,6,4,1
2748,9,0,3
2749,10,1,4
2750,10,6,0
2751,10,0,3
2752,10,1,3
2753,10,4,2
2754,10,1,1
2755,10,2,1
2756,10,0,1
2757,11,0,1
2758,11,2,0
2759,11,2,2
2760,11,2,1
2761,11,1,1
2762,12,1,0
2763,13,1,3
2764,13,0,3
2765,13,1,0
2766,13,3,0
2767,14,1,3
2768,14,4,0
2769,14,0,1
2770,14,1,2
2771,14,5,0
2772,15,1,0
2773,15,1,2
2774,15,3,1
2775,15,1,5
2776,17,1,2
2777,17,4,1
2778,18,4,0
2779,18,2,1
2780,18,2,1
2781,19,2,1
2782,19,1,1
2783,20,1,1
2784,20,1,1
2785,20,0,0
2786,20,3,0
2787,20,1,7
2788,21,0,7
2789,21,1,1
2790,21,0,3
2791,21,3,0
2792,21,1,0
2793,21,0,0
2794,22,0,5
2795,25,4,3
2796,25,0,0
2797,25,0,0
2798,25,2,0
2799,25,2,1
2800,25,1,1
2801,25,8,0
2802,25,2,1
2803,26,3,0
2804,26,3,0
2805,26,3,1
2806,26,3,0
2807,31,1,1
2808,31,1,0
2809,31,1,3
2810,31,6,1
2811,32,0,0
2812,32,2,1
2813,32,3,1
2814,32,1,3
2815,33,3,0
2816,34,1,0
2817,34,1,0
2818,34,0,0
2819,35,3,0
2820,35,4,1
2821,35,7,0
2822,36,2,0
2823,36,0,1
2824,36,1,1
2825,36,3,0
2826,36,1,1
2827,36,1,0
2828,36,3,0
2829,36,5,0
2830,38,2,1
2831,41,3,1
2832,41,0,1
2833,41,0,6
2834,41,0,0
2835,41,0,3
2836,41,0,4
2837,41,0,0
2838,41,0,0
2839,42,1,0
2840,42,3,2
2841,42,1,1
2842,42,5,0
2843,42,4,0
2844,42,1,0
2845,42,1,1
2846,43,1,1
2847,43,2,1
2848,43,1,4
2849,43,8,1
2850,43,3,0
2851,43,0,6
2852,43,1,4
2853,43,1,7
2854,45,0,7
2855,45,0,2
2856,45,1,3
2857,45,0,0
2858,47,4,1
2859,47,0,1
2860,47,3,0
2861,47,1,0
2862,47,1,2
2863,47,1,0
2864,47,0,5
2865,47,0,1
2866,48,1,2
2867,49,1,2
2868,49,3,0
2869,49,2,0
2870,49,2,0
2871,49,0,2
2872,49,2,1
2873,50,1,0
2874,50,3,1
2875,50,7,0
2876,50,0,0
2877,50,6,0
2878,52,2,0
2879,52,2,0
2880,52,2,1
2881,52,1,0
2882,53,1,1
2883,53,4,0
2884,53,3,0
2885,53,4,1
2886,53,1,0
2887,56,2,2
2888,56,1,0
2889,56,2,3
2890,56,1,0
2891,57,2,1
2892,57,1,1
2893,57,2,0
2894,57,0,0
2895,59,2,2
2896,59,1,1
2897,60,0,0
2898,60,3,1
2899,60,0,0
2900,61,3,1
2901,65,2,1
2902,65,4,0
2903,65,1,7
2904,65,2,0
2905,65,1,5
2906,65,3,1
2907,65,2,1
2908,65,1,2
2909,66,0,1
2910,66,2,1
2911,66,1,0
2912,67,4,1
2913,67,0,1
2914,67,0,4
2915,67,3,0
2916,67,2,3
2917,67,2,0
2918,67,1,0
2919,67,2,0
2920,68,2,2
2921,68,1,2
2922,68,1,0
2923,68,2,1
2924,71,1,6
2925,71,0,0
2926,71,1,1
2927,71,5,1
2928,71,1,2
2929,74,3,1
2930,74,2,1
2931,74,4,0
2932,74,0,1
2933,74,0,3
2934,75,4,0
2935,75,4,0
2936,76,2,1
2937,76,1,0
2938,76,1,0
2939,76,1,1
2940,77,13,0
2941,79,3,1
2942,79,3,0
2943,80,5,2
2944,81,1,1
2945,82,4,0
2946,82,0,0
2947,83,2,0
2948,84,4,0
2949,84,1,0
2950,85,1,0
2951,85,1,1
2952,87,0,0
2953,87,0,1
2954,87,5,0
2955,87,3,0
2956,89,2,1
2957,89,0,0
2958,90,1,2
2959,91,2,1
2960,92,2,1
2961,92,2,2
2962,93,3,0
2963,93,6,0
2964,93,0,3
2965,95,0,1
2966,96,0,2
2967,96,0,3
2968,97,0,1
2969,101,0,3
2970,101,0,4
2971,103,0,3
2972,103,3,1
2973,103,0,2
2974,104,0,0
2975,105,2,3
2976,105,2,1
2977,105,1,0
2978,105,2,0
2979,105,1,0
2980,106,1,1
2981,106,0,3
2982,106,1,0
2983,106,3,1
2984,106,2,1
2985,106,1,3
2986,106,3,1
2987,107,1,1
2988,107,1,1
2989,108,1,5
2990,108,0,0
2991,108,1,3
2992,108,2,1
2993,108,0,0
2994,108,0,3
2995,109,0,1
2996,109,1,0
2997,109,1,0
2998,109,0,1
2999,110,1,0
3000,110,1,1
3001,110,0,3
3002,110,2,1
3003,110,1,2
3004,110,2,2
3005,111,0,0
3006,111,0,0
3007,111,6,1
3008,113,1,4
3009,113,2,0
3010,113,1,0
3011,113,3,0
3012,113,2,2
3013,114,2,0
3014,114,1,0
3015,116,3,1
3016,116,2,0
3017,116,0,1
3018,116,1,4
3019,118,4,1
3020,118,2,1
3021,118,1,0
3022,118,1,3
3023,118,4,1
3024,119,1,2
3025,119,1,0
3026,119,0,3
3027,119,3,1
3028,119,2,0
3029,120,0,1
3030,120,1,0
3031,120,3,0
3032,120,1,0
3033,121,2,1
3034,121,2,1
3035,121,1,1
3036,122,0,2
3037,122,5,0
3038,122,1,3
3039,122,0,5
3040,122,2,0
3041,123,1,0
3042,124,1,1
3043,125,6,1
3044,125,3,1
3045,125,1,3
3046,126,2,0
3047,126,6,0
3048,126,0,0
3049,128,2,1
3050,128,3,3
3051,128,0,1
3052,128,0,3
3053,128,3,2
3054,129,1,2
3055,130,1,2
3056,131,2,1
3057,131,1,4
3058,131,0,0
3059,131,0,3
3060,131,1,2
3061,131,2,0
3062,131,1,4
3063,131,0,1
3064,132,0,2
3065,132,4,1
3066,132,2,1
3067,132,1,0
3068,136,7,1
3069,136,0,2
3070,136,1,2
3071,137,2,1
3072,139,3,0
3073,139,3,2
3074,139,0,0
3075,139,2,1
3076,140,1,0
3077,140,1,2
3078,140,2,6
3079,141,1,8
3080,141,2,3
3081,141,2,0
3082,141,1,1
3083,141,0,3
3084,143,2,0
3085,143,2,1
3086,143,0,2
3087,144,1,1
3088,146,6,0
3089,146,1,1
3090,146,2,1
3091,149,1,0
3092,149,2,2
3093,149,3,0
3094,149,2,0
3095,149,4,0
3096,150,4,0
3097,150,6,0
3098,150,1,1
3099,150,0,1
3100,151,1,0
3101,151,2,1
3102,151,2,1
3103,152,2,2
3104,152,3,1
3105,154,2,2
3106,154,3,0
3107,154,1,1
3108,154,2,0
3109,155,3,1
3110,155,3,2
3111,155,3,0
3112,155,1,3
3113,156,1,2
3114,156,1,1
3115,156,1,1
3116,156,6,1
3117,156,1,3
3118,156,0,0
3119,156,2,1
3120,156,11,3
3121,157,0,4
3122,157,1,0
3123,157,1,1
3124,157,2,0
3125,157,0,4
3126,157,2,0
3127,157,0,0
3128,157,6,1
3129,158,1,0
3130,159,3,0
3131,159,2,1
3132,159,1,0
3133,159,3,1
3134,160,1,1
3135,160,1,0
3136,160,1,0
3137,160,1,1
3138,160,1,0
3139,161,2,1
3140,162,2,0
3141,162,8,0
3142,162,3,0
3143,162,1,0
3144,162,1,2
3145,162,5,0
3146,162,1,0
3147,164,1,0
3148,164,3,1
3149,164,0,2
3150,164,5,0
3151,164,1,2
3152,165,4,0
3153,165,1,0
3154,165,0,1
3155,165,0,5
3156,165,1,11
3157,166,2,0
3158,168,0,3
3159,168,1,1
3160,169,3,1
3161,170,1,1
3162,170,2,0
3163,170,8,0
3164,170,2,0
3165,170,0,0
3166,172,0,0
3167,172,2,0
3168,172,2,1
3169,172,0,2
3170,174,1,2
3171,174,0,4
3172,174,3,0
3173,174,0,3
3174,174,1,2
3175,174,0,1
3176,174,0,3
3177,175,0,0
3178,175,1,5
3179,175,3,1
3180,175,2,1
3181,175,1,2
3182,176,0,0
3183,180,2,2
3184,180,5,1
3185,180,0,3
3186,180,1,3
3187,181,4,0
3188,181,1,1
3189,182,2,0
3190,182,2,2
3191,182,0,1
3192,182,7,1
3193,182,0,1
3194,183,3,1
3195,183,2,0
3196,183,0,1
3197,183,2,0
3198,184,1,1
3199,184,0,1
3200,184,5,0
3201,184,0,1
3202,186,3,0
3203,186,1,3
3204,186,0,2
3205,186,4,1
3206,187,0,0
3207,187,3,1
3208,187,1,1
3209,187,0,0
3210,187,1,1
3211,187,2,1
3212,187,2,1
3213,190,1,0
3214,190,0,0
3215,190,1,1
3216,190,1,1
3217,190,0,4
3218,191,1,10
3219,192,0,5
3220,193,0,6
3221,194,1,1
3222,195,9,0
3223,195,1,1
3224,195,4,1
3225,195,0,3
3226,195,2,1
3227,196,0,0
3228,196,1,0
3229,196,1,2
3230,196,0,1
3231,197,6,0
3232,197,5,0
3233,197,3,0
3234,198,3,0
3235,198,4,0
3236,199,1,3
3237,199,5,1
3238,199,2,2
3239,200,0,1
3240,200,1,4
3241,200,1,2
3242,201,0,2
3243,202,0,3
3244,202,7,0
3245,203,0,0
3246,203,0,2
3247,203,4,0
3248,203,0,3
3249,204,3,1
3250,204,0,5
3251,204,3,0
3252,205,5,0
3253,205,1,0
3254,205,0,0
3255,205,1,0
3256,206,1,0
3257,206,1,1
3258,206,0,1
3259,206,1,1
3260,207,3,0
3261,207,6,0
3262,207,0,1
3263,207,1,2
3264,208,0,2
3265,208,1,1
3266,208,3,0
3267,213,3,1
3268,214,0,1
3269,214,0,1
3270,214,0,1
3271,214,5,1
3272,214,0,1
3273,214,0,1
3274,215,0,0
3275,215,2,4
3276,215,2,1
3277,215,2,0
3278,215,1,0
3279,215,0,1
3280,216,1,0
3281,216,2,0
3282,216,4,1
3283,216,2,0
3284,216,0,0
3285,216,0,2
3286,216,1,1
3287,216,2,0
3288,216,6,0
3289,216,2,2
3290,218,8,0
3291,218,2,1
3292,218,1,1
3293,218,0,1
3294,218,2,0
3295,218,4,1
3296,218,2,0
3297,218,7,0
3298,219,2,1
3299,219,2,0
3300,219,2,0
3301,219,0,2
3302,219,2,1
3303,219,1,0
3304,219,0,2
3305,221,4,1
3306,221,2,0
3307,221,4,0
3308,221,3,2
3309,221,2,5
3310,221,1,1
3311,221,0,2
3312,221,0,3
3313,222,0,2
3314,222,1,3
3315,222,6,0
3316,223,0,0
3317,223,2,2
3318,223,1,2
3319,223,2,1
3320,224,3,0
3321,225,2,1
3322,225,1,0
3323,225,3,1
3324,226,1,1
3325,226,2,0
3326,226,6,0
3327,226,2,0
3328,226,2,0
3329,226,3,0
3330,227,0,1
3331,227,1,1
3332,227,3,1
3333,227,3,1
3334,228,1,1
3335,228,2,1
3336,228,0,1
3337,228,2,0
3338,101,2,0
3339,103,1,0
3340,77,0,1
3341,82,8,0
3342,218,1,2
3343,10,1,0
3344,68,1,1
3345,156,2,2
3346,28,2,1
3347,49,0,1
3348,104,2,0
3349,106,2,2
3350,165,2,0
3351,35,1,0
3352,57,1,1
3353,77,0,0
3354,10,0,1
3355,190,3,1
3356,195,2,1
3357,104,1,2
3358,47,1,1
3359,106,1,0
3360,131,2,1
3361,160,4,0
3362,206,1,1
3363,35,0,2
3364,57,2,0
3365,176,3,3
3366,146,0,0
3367,183,1,3
3368,186,2,3
3369,195,1,1
3370,47,2,5
3371,65,1,0
3372,131,1,1
3373,21,3,2
3374,206,0,2
3375,57,0,3
3376,82,1,0
3377,195,1,2
3378,28,2,0
3379,106,0,1
3380,68,1,2
3381,176,0,1
3382,28,1,0
3383,97,3,0
3384,74,1,3
3385,74,5,0
3386,75,1,1
3387,76,2,0
3388,81,1,2
3389,81,0,1
3390,97,2,1
3391,2,6,0
3392,2,2,0
3393,2,4,1
3394,2,5,0
3395,3,4,0
3396,3,2,0
3397,3,2,0
3398,3,1,0
3399,3,2,0
3400,4,1,1
3401,4,0,1
3402,5,1,0
3403,5,1,2
3404,5,0,1
3405,5,1,2
3406,5,2,1
3407,6,1,2
3408,6,1,1
3409,6,0,1
3410,6,1,3
3411,6,1,0
3412,7,1,2
3413,9,0,1
3414,9,1,4
3415,9,1,3
3416,10,0,1
3417,10,0,3
3418,10,0,1
3419,10,2,6
3420,10,1,2
3421,10,2,1
3422,10,4,1
3423,10,6,0
3424,10,9,0
3425,11,1,0
3426,11,3,0
3427,11,4,0
3428,11,3,2
3429,11,0,2
3430,12,2,1
3431,12,1,1
3432,13,3,0
3433,13,0,0
3434,13,3,0
3435,13,2,1
3436,14,1,0
3437,14,3,1
3438,14,4,0
3439,14,2,0
3440,14,1,0
3441,15,1,0
3442,15,2,1
3443,15,5,0
3444,15,1,0
3445,15,3,0
3446,16,0,1
3447,16,1,0
3448,17,1,2
3449,17,1,0
3450,17,0,1
3451,17,3,0
3452,17,12,0
3453,17,0,2
3454,17,1,1
3455,18,1,2
3456,18,0,0
3457,18,0,2
3458,19,4,1
3459,19,1,0
3460,19,4,0
3461,19,1,0
3462,19,0,2
3463,19,2,4
3464,20,1,2
3465,20,0,1
3466,20,5,0
3467,20,4,0
3468,20,1,1
3469,21,1,4
3470,21,2,0
3471,21,1,3
3472,21,1,1
3473,21,2,1
3474,22,0,1
3475,22,0,0
3476,23,2,0
3477,24,1,0
3478,24,1,0
3479,25,0,4
3480,25,1,0
3481,25,0,0
3482,25,0,0
3483,25,2,0
3484,25,2,2
3485,25,0,3
3486,25,1,2
3487,25,4,0
3488,26,1,3
3489,26,1,0
3490,26,6,4
3491,26,3,0
3492,27,4,1
3493,28,2,1
3494,28,4,0
3495,28,1,4
3496,28,1,2
3497,28,6,0
3498,28,2,4
3499,28,1,5
3500,28,1,2
3501,28,2,1
3502,28,1,0
3503,28,3,0
3504,29,2,3
3505,30,1,0
3506,30,4,2
3507,30,1,1
3508,31,1,0
3509,31,2,2
3510,31,1,0
3511,31,0,0
3512,31,1,1
3513,32,1,0
3514,32,4,0
3515,32,1,1
3516,32,0,0
3517,32,2,1
3518,34,3,0
3519,34,0,0
3520,34,2,0
3521,35,0,1
3522,35,4,0
3523,35,3,0
3524,35,1,3
3525,35,0,0
3526,36,1,0
3527,36,0,1
3528,36,1,0
3529,36,1,0
3530,37,2,0
3531,38,3,1
3532,39,0,0
3533,40,3,1
3534,41,0,0
3535,41,0,0
3536,41,3,2
3537,41,3,2
3538,41,1,0
3539,41,1,1
3540,41,3,3
3541,41,1,1
3542,41,5,3
3543,42,3,1
3544,42,2,0
3545,42,6,0
3546,42,3,0
3547,42,1,1
3548,42,4,0
3549,42,1,5
3550,42,2,3
3551,43,2,0
3552,43,5,1
3553,43,2,0
3554,43,1,1
3555,43,1,1
3556,43,1,1
3557,43,0,2
3558,43,2,0
3559,43,3,0
3560,45,1,3
3561,45,0,3
3562,45,1,2
3563,45,0,4
3564,45,0,4
3565,46,1,2
3566,46,7,0
3567,47,2,0
3568,47,3,1
3569,47,1,1
3570,47,0,1
3571,47,5,0
3572,47,2,0
3573,47,1,1
3574,47,4,0
3575,47,1,1
3576,48,2,1
3577,48,1,1
3578,48,2,2
3579,48,1,0
3580,48,1,0
3581,49,1,2
3582,49,2,2
3583,49,3,0
3584,49,1,0
3585,50,1,1
3586,50,2,1
3587,50,4,0
3588,50,5,0
3589,52,0,0
3590,52,2,0
3591,52,0,0
3592,52,4,1
3593,52,0,0
3594,53,1,2
3595,53,3,0
3596,53,2,1
3597,56,2,2
3598,56,0,1
3599,57,1,1
3600,58,2,0
3601,59,0,1
3602,60,4,0
3603,60,0,3
3604,61,1,3
3605,65,0,0
3606,65,2,3
3607,65,0,2
3608,65,2,1
3609,65,0,1
3610,66,3,1
3611,67,3,0
3612,67,1,1
3613,67,0,4
3614,67,0,4
3615,67,0,0
3616,68,2,0
3617,69,3,0
3618,70,4,3
3619,71,4,0
3620,71,1,1
3621,72,2,0
3622,74,3,0
3623,76,2,2
3624,76,0,2
3625,79,0,1
3626,80,0,0
3627,82,3,1
3628,82,2,1
3629,82,3,3
3630,82,10,1
3631,83,1,0
3632,83,0,2
3633,84,3,2
3634,85,3,1
3635,87,1,1
3636,87,1,1
3637,87,1,7
3638,87,2,4
3639,87,4,0
3640,87,0,0
3641,89,8,0
3642,89,1,1
3643,90,0,0
3644,92,1,1
3645,92,4,1
3646,92,0,0
3647,92,3,1
3648,93,9,0
3649,93,3,0
3650,93,1,1
3651,93,2,2
3652,93,1,2
3653,93,6,1
3654,95,1,1
3655,96,5,0
3656,96,0,0
3657,98,2,0
3658,98,2,0
3659,98,1,1
3660,99,2,3
3661,99,1,1
3662,99,1,2
3663,99,7,1
3664,99,2,1
3665,99,2,0
3666,99,1,3
3667,99,0,0
3668,100,0,1
3669,100,2,1
3670,100,1,0
3671,100,4,1
3672,100,2,0
3673,100,1,1
3674,100,2,1
3675,101,2,3
3676,101,0,4
3677,101,1,3
3678,101,0,0
3679,101,4,2
3680,101,1,1
3681,101,0,1
3682,103,0,1
3683,103,3,0
3684,103,3,0
3685,103,2,1
3686,104,1,0
3687,104,0,4
3688,104,4,0
3689,104,1,0
3690,105,1,3
3691,105,0,0
3692,105,0,0
3693,105,0,4
3694,105,2,1
3695,105,3,2
3696,105,2,1
3697,105,0,0
3698,107,1,3
3699,107,1,2
3700,107,1,1
3701,108,1,1
3702,108,9,0
3703,108,1,0
3704,109,5,1
3705,110,1,1
3706,110,0,0
3707,110,1,0
3708,111,0,0
3709,111,1,2
3710,111,0,1
3711,112,3,1
3712,112,5,0
3713,112,1,0
3714,113,10,0
3715,113,3,2
3716,113,1,1
3717,113,3,0
3718,114,1,5
3719,114,0,1
3720,114,3,0
3721,115,1,1
3722,116,1,2
3723,116,3,0
3724,116,1,1
3725,116,2,3
3726,116,3,0
3727,117,3,0
3728,117,6,3
3729,117,4,1
3730,117,0,0
3731,117,0,0
3732,118,0,0
3733,118,1,0
3734,118,0,2
3735,118,0,0
3736,119,3,1
3737,119,1,1
3738,119,0,0
3739,119,0,1
3740,120,0,1
3741,120,0,2
3742,120,3,0
3743,120,3,0
3744,120,1,1
3745,121,0,1
3746,121,3,1
3747,121,1,1
3748,122,3,0
3749,122,1,3
3750,122,0,0
3751,122,0,2
3752,122,1,0
3753,123,3,0
3754,123,2,1
3755,123,1,1
3756,123,4,3
3757,123,3,0
3758,124,1,0
3759,124,1,1
3760,124,2,1
3761,124,2,1
3762,125,1,1
3763,125,1,1
3764,125,0,1
3765,126,4,0
3766,126,1,0
3767,126,5,0
3768,127,1,2
3769,128,0,4
3770,128,1,1
3771,128,4,0
3772,128,2,0
3773,128,9,1
3774,129,2,0
3775,130,0,1
3776,131,2,1
3777,131,1,1
3778,131,1,1
3779,131,1,3
3780,131,4,0
3781,131,0,7
3782,131,3,0
3783,131,0,1
3784,131,1,0
3785,132,1,1
3786,132,3,0
3787,132,2,1
3788,132,2,0
3789,132,1,0
3790,133,0,0
3791,133,2,1
3792,133,2,0
3793,135,1,3
3794,136,2,0
3795,136,4,2
3796,136,1,0
3797,136,5,0
3798,136,1,1
3799,137,1,3
3800,139,2,5
3801,139,2,0
3802,139,1,1
3803,139,7,1
3804,139,1,0
3805,140,0,1
3806,140,1,3
3807,140,0,0
3808,141,1,0
3809,141,1,3
3810,141,2,1
3811,141,1,2
3812,141,0,4
3813,143,2,2
3814,143,2,1
3815,143,0,0
3816,144,0,2
3817,144,1,8
3818,146,1,2
3819,146,1,0
3820,146,0,1
3821,146,2,0
3822,146,2,0
3823,149,5,0
3824,149,3,2
3825,149,0,1
3826,149,1,0
3827,149,1,3
3828,150,0,3
3829,150,2,3
3830,150,8,1
3831,150,0,10
3832,150,2,0
3833,151,0,0
3834,151,2,1
3835,151,0,1
3836,151,1,1
3837,151,3,0
3838,151,3,0
3839,151,0,0
3840,152,9,0
3841,152,4,0
3842,152,1,3
3843,153,1,1
3844,153,5,0
3845,153,4,0
3846,154,2,1
3847,154,0,2
3848,154,1,0
3849,154,3,2
3850,154,1,2
3851,156,1,0
3852,156,3,0
3853,156,2,0
3854,156,3,1
3855,156,6,0
3856,156,0,0
3857,156,2,0
3858,156,0,17
3859,156,0,6
3860,157,0,12
3861,157,2,2
3862,157,0,1
3863,157,1,2
3864,157,1,2
3865,157,1,0
3866,157,0,2
3867,157,19,0
3868,157,0,5
3869,158,2,0
3870,158,2,0
3871,158,3,1
3872,159,2,0
3873,159,4,0
3874,159,2,0
3875,159,3,0
3876,159,2,2
3877,159,3,3
3878,160,2,0
3879,160,2,2
3880,160,1,0
3881,160,5,0
3882,160,3,1
3883,160,0,3
3884,161,6,0
3885,162,2,0
3886,162,0,0
3887,162,0,4
3888,162,0,1
3889,162,0,2
3890,162,0,0
3891,162,2,1
3892,164,0,3
3893,164,3,0
3894,164,0,1
3895,164,0,0
3896,164,0,4
3897,165,1,6
3898,165,0,1
3899,165,1,2
3900,165,0,2
3901,165,3,0
3902,166,0,3
3903,168,2,0
3904,168,1,0
3905,169,2,3
3906,170,0,0
3907,170,1,2
3908,170,0,6
3909,170,1,1
3910,170,0,6
3911,170,3,1
3912,171,3,0
3913,171,2,0
3914,172,1,1
3915,172,2,0
3916,172,4,0
3917,172,0,0
3918,173,2,1
3919,174,3,1
3920,174,0,0
3921,174,1,2
3922,174,0,2
3923,174,4,1
3924,174,2,0
3925,174,7,1
3926,174,7,0
3927,175,0,0
3928,175,0,1
3929,175,1,3
3930,175,2,1
3931,176,2,0
3932,176,0,3
3933,176,5,0
3934,176,2,1
3935,176,0,0
3936,179,7,0
3937,180,3,0
3938,180,2,2
3939,180,0,2
3940,180,2,1
3941,180,0,1
3942,181,0,2
3943,181,4,0
3944,181,2,0
3945,182,1,1
3946,182,3,0
3947,182,1,0
3948,182,1,3
3949,182,0,0
3950,183,0,1
3951,183,0,0
3952,183,1,0
3953,183,0,1
3954,183,0,0
3955,183,4,0
3956,184,0,1
3957,184,2,1
3958,185,1,1
3959,186,3,1
3960,186,5,0
3961,186,5,1
3962,186,3,1
3963,186,1,0
3964,187,3,1
3965,187,0,4
3966,187,1,1
3967,190,3,0
3968,190,1,2
3969,190,0,2
3970,190,0,1
3971,190,0,1
3972,190,2,0
3973,190,2,0
3974,191,0,1
3975,191,2,0
3976,191,1,0
3977,192,3,1
3978,192,4,0
3979,192,1,0
3980,192,0,0
3981,192,1,1
3982,193,2,6
3983,193,0,7
3984,194,0,1
3985,195,2,2
3986,195,1,0
3987,195,3,0
3988,195,2,2
3989,195,1,0
3990,196,1,2
3991,196,1,2
3992,196,2,1
3993,196,8,0
3994,196,1,0
3995,197,4,0
3996,197,1,2
3997,197,0,7
3998,198,0,1
3999,198,1,0
4000,199,9,0
4001,199,0,1
4002,199,0,2
4003,200,2,1
4004,201,3,1
4005,202,1,0
4006,202,0,0
4007,202,1,1
4008,202,4,0
4009,202,2,0
4010,202,0,0
4011,202,2,2
4012,203,0,3
4013,203,1,0
4014,203,1,0
4015,203,2,0
4016,203,2,0
4017,204,1,0
4018,204,0,0
4019,205,2,1
4020,205,1,0
4021,205,2,1
4022,205,1,1
4023,205,1,0
4024,205,0,1
4025,205,1,1
4026,205,2,1
4027,205,5,1
4028,205,0,2
4029,205,0,1
4030,206,2,0
4031,206,0,1
4032,206,16,0
4033,206,4,1
4034,206,0,0
4035,207,3,0
4036,207,4,0
4037,207,1,0
4038,207,3,0
4039,207,2,0
4040,207,5,0
4041,207,3,1
4042,207,3,1
4043,208,1,0
4044,208,6,0
4045,208,1,0
4046,209,3,1
4047,211,1,0
4048,213,0,1
4049,214,0,0
4050,214,1,0
4051,214,4,4
4052,214,1,3
4053,214,4,0
4054,214,1,0
4055,215,2,1
4056,215,4,0
4057,215,0,0
4058,215,3,1
4059,215,0,4
4060,215,4,2
4061,215,0,6
4062,215,0,2
4063,216,1,1
4064,216,2,0
4065,216,3,0
4066,216,0,2
4067,216,2,0
4068,216,0,6
4069,216,1,5
4070,216,2,0
4071,216,7,0
4072,218,1,2
4073,218,1,1
4074,218,1,0
4075,218,1,0
4076,218,8,0
4077,218,2,0
4078,218,4,2
4079,218,3,1
4080,218,4,2
4081,218,2,0
4082,219,0,2
4083,219,1,3
4084,219,0,2
4085,219,0,2
4086,219,1,1
4087,219,1,2
4088,219,1,0
4089,220,0,8
4090,220,0,5
4091,221,1,1
4092,221,3,0
4093,221,0,6
4094,221,0,5
4095,221,0,3
4096,221,3,0
4097,221,0,5
4098,221,1,7
4099,221,2,0
4100,222,3,1
4101,222,1,1
4102,222,2,1
4103,223,3,0
4104,223,2,0
4105,223,1,1
4106,223,5,0
4107,223,0,0
4108,225,1,4
4109,225,1,1
4110,225,2,2
4111,226,31,0
4112,226,4,1
4113,226,11,0
4114,226,1,0
4115,226,2,0
4116,227,2,1
4117,227,1,0
4118,227,2,0
4119,227,0,1
4120,227,2,1
4121,228,1,1
4122,228,3,0
4123,228,0,0
4124,228,1,0
4125,82,4,2
4126,159,0,2
4127,68,1,0
4128,205,0,0
4129,6,0,1
4130,131,3,1
4131,13,3,1
4132,104,2,0
4133,28,1,0
4134,77,0,0
4135,77,0,0
4136,82,1,0
4137,190,4,0
4138,206,2,2
4139,65,3,0
4140,68,2,0
4141,195,1,0
4142,131,0,0
4143,53,0,2
4144,160,2,0
4145,28,2,0
4146,106,0,0
4147,174,0,4
4148,190,3,1
4149,203,0,2
4150,47,1,2
4151,65,0,3
4152,156,2,0
4153,195,2,2
4154,99,1,1
4155,141,0,0
4156,160,2,1
4157,49,2,2
4158,53,0,2
4159,106,1,4
4160,174,0,1
4161,203,0,2
4162,214,1,0
4163,10,2,1
4164,82,2,0
4165,68,1,0
4166,160,1,0
4167,104,1,0
4168,196,0,0
4169,28,3,0
4170,190,1,3
4171,82,1,1
4172,104,3,0
4173,28,0,1
4174,68,0,0
4175,82,0,2
4176,160,0,1
4177,82,3,1
4178,104,1,1
4179,5,2,0
4180,205,3,1
4181,205,1,0
4182,207,0,2
4183,207,4,0
4184,208,3,0
4185,209,2,0
4186,211,3,2
4187,213,1,1
4188,213,1,1
4189,215,0,3
4190,216,1,1
4191,216,3,1
4192,216,0,1
4193,3,3,2
4194,1,5,0
4195,2,5,2
4196,2,0,0
4197,3,8,2
4198,3,1,0
4199,3,1,1
4200,4,2,0
4201,4,2,1
4202,5,0,2
4203,5,6,0
4204,5,2,2
4205,5,2,2
4206,5,0,2
4207,6,2,0
4208,6,0,0
4209,6,3,0
4210,6,2,4
4211,6,1,0
4212,6,0,3
4213,7,0,1
4214,9,0,6
4215,10,5,0
4216,10,2,2
4217,10,2,0
4218,10,0,2
4219,10,3,0
4220,10,13,0
4221,10,0,2
4222,10,3,2
4223,10,4,0
4224,10,2,2
4225,10,5,1
4226,11,4,0
4227,11,3,1
4228,11,1,2
4229,11,4,1
4230,11,1,0
4231,11,2,0
4232,12,0,2
4233,13,2,1
4234,13,1,5
4235,13,3,3
4236,13,0,0
4237,13,0,0
4238,14,4,1
4239,14,1,3
4240,14,3,0
4241,14,0,0
4242,14,3,1
4243,15,0,1
4244,15,1,0
4245,15,1,0
4246,15,2,1
4247,15,0,2
4248,16,2,4
4249,17,1,1
4250,17,1,2
4251,17,1,1
4252,17,0,1
4253,17,2,3
4254,17,1,0
4255,17,1,0
4256,17,0,0
4257,18,2,0
4258,19,3,1
4259,20,2,0
4260,20,0,1
4261,20,1,0
4262,20,0,0
4263,20,1,3
4264,21,4,1
4265,21,1,2
4266,21,2,0
4267,21,2,1
4268,21,2,0
4269,22,1,1
4270,23,1,0
4271,23,4,1
4272,23,0,3
4273,23,1,2
4274,23,1,1
4275,23,1,1
4276,24,0,2
4277,24,1,1
4278,25,3,0
4279,25,4,0
4280,25,3,1
4281,25,3,0
4282,25,0,0
4283,25,3,0
4284,25,5,0
4285,25,1,0
4286,25,0,0
4287,26,3,0
4288,26,8,0
4289,26,1,3
4290,26,1,1
4291,26,6,0
4292,27,1,1
4293,27,0,2
4294,27,0,1
4295,27,5,0
4296,27,0,0
4297,27,0,0
4298,28,2,1
4299,28,1,0
4300,28,12,0
4301,28,2,0
4302,28,0,12
4303,28,2,0
4304,28,2,1
4305,28,0,5
4306,28,3,1
4307,29,1,0
4308,31,0,1
4309,31,3,4
4310,31,1,1
4311,31,1,0
4312,31,0,1
4313,32,0,2
4314,32,2,1
4315,32,1,0
4316,32,4,1
4317,32,1,2
4318,33,0,2
4319,35,1,1
4320,35,8,0
4321,35,1,1
4322,35,4,1
4323,35,3,0
4324,36,4,2
4325,36,1,2
4326,36,4,0
4327,36,3,1
4328,37,4,0
4329,37,2,0
4330,37,0,4
4331,37,1,1
4332,37,2,1
4333,37,1,0
4334,38,1,1
4335,40,4,3
4336,41,1,1
4337,41,0,5
4338,41,1,1
4339,41,1,0
4340,41,3,0
4341,41,4,2
4342,41,1,1
4343,41,3,0
4344,41,1,1
4345,42,4,0
4346,42,2,0
4347,42,1,2
4348,43,1,2
4349,43,6,0
4350,43,0,4
4351,43,0,1
4352,43,3,0
4353,43,0,1
4354,43,2,0
4355,43,1,1
4356,43,0,2
4357,45,1,2
4358,45,1,0
4359,45,0,0
4360,45,1,1
4361,45,2,0
4362,45,0,0
4363,47,6,0
4364,47,1,2
4365,47,1,1
4366,47,11,0
4367,47,1,1
4368,47,3,0
4369,47,5,0
4370,47,2,1
4371,47,0,3
4372,48,1,1
4373,48,5,0
4374,48,3,0
4375,48,2,0
4376,48,1,1
4377,48,1,1
4378,49,3,0
4379,49,4,0
4380,49,2,1
4381,49,1,1
4382,49,3,0
4383,50,0,1
4384,50,2,0
4385,52,1,1
4386,52,1,2
4387,52,0,2
4388,52,0,3
4389,52,2,1
4390,53,0,0
4391,53,0,3
4392,53,0,10
4393,53,1,9
4394,53,1,0
4395,53,0,3
4396,53,1,1
4397,56,0,7
4398,56,1,5
4399,56,1,0
4400,56,2,0
4401,56,1,0
4402,57,1,0
4403,57,0,6
4404,57,2,0
4405,57,1,0
4406,57,0,9
4407,57,0,1
4408,59,1,1
4409,59,6,0
4410,60,4,0
4411,60,1,2
4412,61,1,2
4413,61,1,0
4414,65,0,0
4415,65,2,0
4416,65,1,1
4417,65,3,3
4418,65,2,4
4419,65,4,2
4420,65,1,0
4421,65,3,2
4422,65,2,0
4423,66,0,3
4424,66,0,3
4425,66,0,3
4426,66,0,2
4427,66,1,1
4428,67,0,2
4429,67,0,0
4430,67,1,2
4431,67,0,2
4432,68,1,2
4433,68,6,1
4434,68,1,0
4435,68,9,0
4436,68,1,2
4437,69,1,0
4438,70,2,2
4439,71,2,0
4440,71,2,2
4441,71,0,3
4442,71,1,3
4443,71,0,1
4444,71,0,0
4445,72,0,0
4446,74,1,1
4447,74,0,5
4448,74,1,3
4449,74,5,0
4450,74,2,1
4451,75,0,5
4452,75,1,6
4453,75,2,2
4454,75,0,5
4455,75,1,2
4456,76,1,0
4457,76,1,3
4458,76,4,0
4459,76,0,2
4460,76,4,0
4461,76,1,1
4462,77,0,2
4463,77,0,4
4464,77,0,2
4465,77,1,2
4466,77,2,1
4467,79,3,3
4468,79,0,1
4469,79,0,1
4470,79,2,0
4471,79,0,1
4472,79,4,3
4473,80,0,2
4474,81,0,0
4475,81,6,0
4476,81,1,1
4477,81,2,2
4478,81,13,0
4479,81,0,2
4480,83,2,1
4481,83,0,1
4482,83,0,2
4483,83,3,1
4484,83,0,2
4485,83,1,0
4486,83,1,0
4487,84,0,0
4488,84,0,0
4489,84,1,1
4490,84,0,5
4491,84,1,4
4492,84,2,1
4493,85,0,1
4494,85,1,2
4495,87,3,0
4496,87,4,0
4497,87,2,0
4498,87,3,0
4499,87,0,1
4500,87,3,1
4501,87,1,0
4502,87,3,1
4503,87,0,0
4504,89,2,0
4505,89,0,1
4506,89,4,1
4507,89,0,2
4508,89,5,1
4509,89,0,3
4510,90,10,1
4511,91,0,3
4512,92,0,6
4513,92,0,1
4514,93,1,0
4515,93,3,0
4516,93,0,0
4517,93,0,4
4518,94,1,1
4519,94,0,5
4520,94,1,9
4521,95,1,0
4522,95,2,0
4523,95,0,6
4524,95,2,1
4525,95,2,0
4526,96,4,1
4527,96,4,0
4528,96,1,3
4529,96,0,2
4530,96,4,0
4531,97,4,0
4532,97,5,0
4533,97,0,2
4534,98,2,0
4535,98,7,0
4536,98,3,0
4537,99,1,1
4538,99,1,0
4539,99,2,0
4540,99,3,0
4541,99,1,1
4542,99,0,1
4543,100,0,1
4544,100,3,0
4545,100,1,1
4546,101,2,3
4547,101,3,2
4548,101,1,0
4549,101,1,2
4550,101,0,0
4551,103,0,2
4552,103,1,1
4553,103,0,0
4554,103,7,0
4555,103,12,0
4556,104,7,0
4557,104,1,0
4558,104,0,3
4559,104,4,0
4560,104,1,0
4561,104,1,1
4562,105,4,2
4563,105,1,8
4564,105,3,3
4565,105,0,6
4566,106,1,0
4567,106,1,0
4568,106,2,3
4569,106,1,0
4570,106,1,0
4571,106,1,2
4572,107,2,2
4573,107,5,1
4574,107,1,0
4575,108,0,4
4576,108,1,1
4577,108,5,0
4578,108,2,5
4579,108,2,2
4580,108,1,1
4581,109,3,0
4582,109,3,1
4583,109,1,2
4584,109,3,0
4585,109,1,0
4586,109,2,2
4587,110,0,2
4588,110,1,1
4589,110,0,2
4590,110,2,2
4591,110,0,2
4592,110,1,2
4593,111,1,5
4594,111,3,0
4595,111,4,0
4596,111,3,0
4597,112,1,1
4598,112,3,0
4599,112,6,0
4600,112,3,0
4601,113,5,0
4602,113,1,0
4603,113,3,2
4604,113,2,2
4605,113,1,0
4606,113,1,1
4607,114,1,1
4608,114,2,0
4609,114,5,1
4610,115,2,0
4611,116,1,1
4612,116,2,0
4613,116,0,0
4614,116,2,1
4615,116,1,2
4616,116,1,1
4617,117,2,2
4618,117,1,1
4619,117,0,10
4620,117,2,0
4621,117,3,1
4622,117,0,0
4623,118,0,2
4624,118,1,1
4625,118,0,2
4626,118,1,0
4627,118,3,0
4628,118,1,2
4629,119,3,2
4630,119,1,0
4631,119,1,1
4632,119,2,0
4633,119,4,0
4634,120,2,1
4635,120,1,1
4636,120,1,6
4637,120,0,1
4638,120,1,4
4639,120,3,2
4640,121,0,0
4641,122,1,2
4642,122,0,4
4643,122,1,1
4644,122,2,1
4645,122,6,0
4646,122,0,3
4647,123,0,1
4648,124,2,1
4649,124,1,1
4650,124,2,2
4651,124,0,2
4652,124,1,0
4653,124,6,0
4654,125,4,1
4655,125,5,0
4656,125,2,2
4657,126,0,0
4658,126,1,1
4659,126,2,1
4660,126,4,0
4661,127,2,0
4662,127,2,0
4663,127,4,0
4664,127,3,0
4665,127,0,2
4666,127,1,0
4667,128,11,0
4668,128,0,2
4669,128,4,0
4670,128,1,1
4671,128,0,1
4672,129,1,2
4673,130,0,6
4674,131,4,2
4675,131,1,0
4676,131,1,2
4677,131,0,3
4678,131,0,2
4679,131,1,2
4680,131,0,1
4681,131,1,0
4682,131,3,0
4683,132,3,1
4684,132,0,1
4685,132,0,0
4686,132,3,1
4687,132,0,0
4688,133,1,8
4689,135,4,2
4690,136,2,2
4691,136,1,1
4692,136,1,1
4693,136,2,0
4694,136,0,1
4695,137,5,2
4696,139,2,2
4697,141,2,2
4698,141,2,0
4699,141,1,1
4700,141,3,0
4701,141,2,0
4702,141,0,0
4703,141,3,0
4704,142,2,1
4705,142,2,1
4706,143,1,1
4707,143,9,1
4708,143,1,5
4709,144,1,0
4710,145,2,1
4711,146,2,0
4712,146,3,1
4713,146,0,0
4714,146,2,1
4715,146,5,0
4716,147,2,3
4717,147,0,1
4718,147,2,1
4719,147,4,0
4720,147,4,1
4721,147,5,0
4722,149,0,5
4723,149,1,0
4724,149,3,1
4725,149,3,1
4726,149,4,0
4727,150,0,3
4728,150,1,1
4729,150,2,1
4730,150,1,3
4731,150,1,1
4732,150,1,0
4733,151,0,4
4734,151,3,0
4735,151,3,0
4736,152,0,0
4737,153,1,0
4738,153,6,0
4739,153,2,0
4740,154,5,0
4741,154,5,0
4742,154,1,1
4743,154,0,1
4744,154,0,0
4745,154,1,2
4746,154,4,0
4747,154,11,0
4748,154,2,2
4749,155,3,3
4750,156,0,1
4751,156,0,2
4752,156,12,0
4753,156,2,0
4754,156,3,2
4755,156,3,0
4756,156,0,5
4757,156,2,0
4758,156,2,0
4759,157,0,2
4760,157,1,3
4761,157,1,0
4762,157,0,5
4763,157,0,4
4764,157,1,4
4765,157,4,1
4766,157,0,4
4767,157,1,1
4768,159,1,5
4769,159,1,0
4770,159,0,0
4771,159,1,3
4772,159,1,0
4773,160,1,1
4774,160,3,1
4775,160,0,1
4776,160,7,0
4777,160,2,2
4778,160,3,1
4779,162,3,0
4780,162,1,3
4781,162,4,2
4782,164,4,1
4783,164,6,1
4784,164,1,2
4785,164,1,1
4786,164,0,2
4787,164,3,0
4788,165,2,0
4789,165,2,0
4790,165,2,1
4791,165,2,2
4792,165,4,3
4793,165,3,2
4794,166,0,22
4795,166,2,1
4796,166,1,8
4797,166,4,0
4798,166,2,0
4799,166,0,2
4800,168,2,4
4801,168,1,2
4802,168,1,1
4803,168,0,0
4804,168,6,0
4805,169,6,0
4806,169,1,1
4807,170,5,0
4808,170,3,0
4809,170,3,3
4810,170,1,1
4811,171,1,2
4812,171,2,0
4813,171,1,0
4814,171,2,5
4815,172,5,0
4816,172,0,0
4817,172,1,0
4818,172,2,3
4819,172,3,0
4820,173,3,2
4821,174,2,1
4822,174,1,2
4823,174,1,1
4824,174,2,0
4825,174,2,0
4826,174,7,0
4827,175,1,0
4828,175,1,0
4829,175,0,2
4830,175,3,0
4831,175,0,0
4832,176,1,1
4833,176,5,0
4834,176,1,0
4835,176,0,1
4836,176,0,0
4837,178,1,2
4838,178,2,1
4839,178,3,2
4840,178,1,1
4841,178,1,1
4842,178,1,0
4843,179,2,2
4844,180,0,4
4845,181,4,0
4846,181,0,1
4847,181,1,0
4848,182,4,0
4849,182,0,3
4850,182,2,2
4851,182,0,2
4852,182,6,1
4853,182,1,2
4854,182,1,1
4855,183,1,2
4856,183,4,1
4857,183,3,2
4858,183,0,7
4859,183,2,3
4860,184,1,1
4861,184,1,6
4862,184,3,0
4863,184,1,0
4864,184,1,1
4865,184,0,1
4866,185,1,3
4867,186,1,0
4868,186,2,2
4869,186,2,2
4870,186,0,2
4871,186,3,0
4872,187,1,1
4873,187,5,0
4874,187,2,1
4875,187,0,0
4876,187,1,3
4877,187,1,0
4878,187,7,0
4879,190,1,0
4880,190,0,3
4881,190,0,0
4882,190,4,1
4883,190,0,0
4884,190,2,1
4885,191,0,1
4886,191,0,1
4887,191,2,7
4888,191,1,6
4889,192,1,2
4890,192,2,2
4891,192,1,3
4892,192,3,1
4893,192,6,0
4894,192,3,0
4895,193,2,0
4896,193,0,0
4897,194,0,0
4898,195,2,2
4899,195,4,0
4900,195,0,4
4901,195,4,0
4902,195,0,0
4903,196,3,4
4904,196,0,0
4905,196,0,4
4906,196,1,0
4907,196,0,5
4908,196,0,2
4909,196,0,4
4910,197,1,2
4911,197,1,1
4912,197,1,0
4913,198,3,3
4914,198,2,1
4915,198,2,0
4916,198,6,2
4917,198,0,1
4918,198,1,1
4919,199,1,1
4920,199,3,1
4921,199,1,1
4922,199,2,2
4923,200,2,0
4924,200,1,2
4925,200,1,0
4926,200,2,0
4927,201,1,0
4928,203,0,3
4929,203,3,0
4930,203,0,2
4931,205,2,2
4932,205,1,1
4933,205,1,1
4934,205,2,2
4935,205,0,1
4936,205,1,3
4937,206,0,2
4938,206,2,5
4939,206,0,0
4940,206,3,0
4941,207,2,2
4942,207,1,1
4943,207,0,2
4944,207,0,0
4945,208,2,1
4946,213,0,1
4947,213,1,1
4948,213,6,0
4949,214,0,7
4950,214,1,1
4951,214,2,0
4952,214,3,1
4953,216,0,7
4954,216,0,0
4955,216,8,0
4956,216,8,0
4957,216,7,0
4958,216,3,0
4959,218,8,0
4960,218,8,0
4961,218,2,1
4962,218,3,0
4963,218,1,1
4964,218,10,0
4965,219,2,4
4966,219,2,2
4967,219,1,0
4968,219,2,0
4969,221,0,2
4970,221,1,0
4971,221,4,1
4972,221,0,0
4973,221,2,1
4974,221,3,3
4975,223,0,3
4976,223,1,1
4977,223,3,0
4978,227,0,0
4979,227,0,1
4980,227,7,0
4981,227,2,1
4982,228,1,1
4983,228,8,0
4984,228,1,1
4985,228,0,3
4986,2,1,0
4987,2,0,0
4988,225,1,1
4989,227,0,2
4990,228,2,1
4991,3,1,0
4992,186,1,1
4993,218,0,0
4994,10,1,0
4995,3,0,1
4996,82,4,0
4997,177,0,1
4998,104,1,1
4999,106,1,0
5000,141,2,0
5001,143,1,1
5002,93,0,1
5003,186,0,3
5004,190,0,1
5005,77,0,2
5006,84,2,1
5007,68,0,0
5008,82,0,1
5009,35,1,2
5010,83,1,1
5011,141,1,0
5012,104,1,1
5013,182,0,2
5014,41,1,0
5015,190,2,0
5016,77,1,2
5017,84,0,2
5018,131,0,1
5019,13,2,1
5020,83,0,1
5021,183,0,1
5022,35,1,2
5023,57,1,3
5024,156,0,0
5025,182,3,2
5026,41,1,2
5027,160,0,0
5028,196,0,0
5029,10,3,1
5030,82,4,1
5031,28,3,0
5032,141,2,1
5033,156,0,0
5034,190,1,0
5035,141,2,1
5036,218,1,1
5037,10,0,4
5038,156,0,1
5039,218,2,3
5040,82,0,1
5041,218,2,3
5042,141,0,1
5043,2,2,1
5044,5,2,1
5045,10,1,1
5046,10,2,0
5047,219,2,1
5048,219,0,1
5049,219,6,0
5050,219,2,1
5051,220,3,2
5052,227,0,3
5053,228,1,1
5054,1,0,0
5055,2,4,1
5056,2,1,1
5057,3,4,0
5058,3,0,3
5059,3,3,1
5060,4,1,2
5061,4,4,0
5062,5,0,1
5063,5,2,0
5064,6,0,2
5065,6,0,4
5066,6,2,0
5067,7,3,0
5068,9,1,1
5069,9,6,0
5070,10,7,1
5071,10,2,3
5072,10,1,0
5073,10,1,1
5074,10,3,0
5075,10,0,1
5076,11,2,0
5077,12,1,1
5078,13,1,0
5079,13,1,0
5080,13,3,0
5081,13,1,0
5082,14,1,0
5083,14,1,3
5084,15,0,3
5085,16,1,1
5086,16,3,0
5087,17,6,1
5088,17,0,3
5089,17,0,1
5090,17,2,0
5091,17,2,5
5092,17,0,1
5093,18,5,0
5094,19,3,1
5095,19,0,2
5096,20,4,0
5097,21,1,2
5098,21,1,2
5099,21,2,2
5100,21,2,3
5101,21,0,7
5102,22,1,1
5103,22,0,3
5104,23,3,1
5105,23,0,15
5106,23,3,0
5107,23,1,0
5108,23,2,0
5109,23,1,0
5110,24,1,1
5111,24,0,3
5112,25,4,1
5113,25,1,1
5114,25,3,2
5115,25,2,1
5116,25,0,0
5117,25,2,1
5118,25,0,1
5119,25,0,2
5120,25,5,0
5121,26,2,5
5122,26,2,1
5123,26,1,0
5124,26,0,1
5125,26,0,3
5126,26,2,0
5127,27,2,2
5128,27,0,3
5129,27,0,4
5130,28,0,0
5131,28,2,1
5132,28,7,0
5133,28,3,0
5134,28,2,3
5135,28,2,1
5136,28,4,2
5137,28,2,1
5138,28,0,0
5139,28,4,0
5140,28,1,0
5141,29,3,1
5142,31,0,4
5143,31,0,1
5144,31,4,1
5145,31,1,0
5146,31,1,0
5147,32,2,0
5148,32,5,1
5149,32,2,3
5150,32,0,1
5151,32,2,1
5152,32,1,2
5153,33,0,1
5154,33,7,0
5155,33,1,0
5156,34,1,1
5157,35,2,0
5158,35,4,0
5159,35,1,0
5160,35,3,3
5161,35,0,0
5162,35,0,2
5163,36,0,3
5164,36,0,0
5165,36,0,1
5166,36,2,3
5167,37,0,1
5168,37,0,0
5169,37,1,4
5170,38,0,1
5171,40,0,0
5172,40,1,1
5173,40,4,1
5174,41,8,0
5175,41,16,0
5176,41,0,2
5177,41,1,4
5178,41,3,0
5179,41,1,1
5180,41,3,1
5181,41,0,0
5182,41,8,1
5183,42,1,0
5184,42,1,2
5185,42,0,2
5186,42,1,1
5187,43,3,2
5188,43,0,0
5189,43,0,5
5190,43,2,2
5191,43,1,4
5192,43,1,2
5193,43,0,0
5194,43,3,1
5195,43,0,3
5196,44,1,2
5197,45,1,0
5198,45,1,1
5199,45,3,0
5200,46,7,0
5201,46,9,0
5202,47,1,2
5203,47,2,0
5204,47,1,3
5205,47,5,0
5206,47,2,0
5207,47,4,1
5208,47,4,1
5209,47,1,7
5210,47,6,2
5211,47,0,0
5212,48,4,0
5213,48,1,0
5214,48,0,1
5215,48,0,1
5216,48,1,3
5217,48,1,3
5218,48,2,2
5219,49,1,0
5220,49,2,0
5221,49,3,0
5222,49,1,3
5223,49,1,4
5224,50,2,0
5225,50,3,2
5226,50,0,3
5227,50,1,2
5228,52,0,4
5229,52,0,2
5230,52,3,0
5231,52,2,0
5232,52,1,1
5233,53,1,0
5234,53,4,0
5235,53,4,1
5236,53,5,1
5237,53,3,1
5238,56,1,1
5239,56,1,0
5240,56,2,1
5241,57,2,0
5242,57,0,7
5243,57,0,4
5244,57,0,4
5245,57,5,1
5246,58,1,2
5247,58,3,1
5248,58,0,0
5249,58,0,3
5250,59,1,1
5251,61,2,1
5252,61,1,1
5253,64,0,1
5254,65,1,0
5255,65,3,0
5256,65,1,1
5257,65,5,0
5258,65,0,0
5259,65,0,0
5260,65,4,1
5261,65,5,0
5262,65,1,0
5263,66,0,3
5264,66,2,3
5265,66,3,2
5266,66,1,2
5267,66,2,1
5268,66,1,0
5269,67,2,1
5270,67,2,0
5271,67,3,0
5272,67,3,0
5273,67,2,0
5274,67,12,1
5275,67,4,0
5276,67,3,0
5277,67,2,3
5278,67,4,0
5279,68,0,2
5280,68,0,1
5281,68,3,0
5282,68,1,0
5283,68,7,0
5284,68,2,0
5285,69,0,1
5286,69,1,3
5287,69,8,1
5288,71,0,4
5289,71,0,1
5290,71,0,2
5291,71,4,1
5292,71,4,3
5293,72,6,1
5294,72,0,2
5295,74,1,0
5296,74,5,0
5297,74,1,1
5298,74,2,1
5299,74,6,1
5300,75,0,2
5301,75,4,0
5302,75,0,4
5303,75,1,4
5304,75,0,3
5305,75,1,1
5306,76,4,0
5307,76,3,1
5308,76,1,0
5309,76,4,0
5310,76,1,4
5311,77,4,1
5312,77,3,0
5313,77,0,1
5314,77,1,1
5315,77,5,0
5316,77,6,1
5317,79,5,0
5318,79,1,0
5319,79,3,0
5320,79,2,0
5321,79,2,2
5322,79,9,0
5323,80,5,2
5324,80,0,0
5325,80,4,1
5326,81,4,1
5327,81,6,1
5328,81,1,0
5329,81,1,2
5330,81,4,0
5331,82,0,2
5332,82,0,2
5333,82,5,3
5334,82,2,0
5335,82,4,0
5336,83,0,1
5337,83,2,1
5338,83,2,1
5339,83,2,0
5340,83,3,0
5341,83,1,1
5342,84,3,0
5343,84,0,0
5344,84,1,0
5345,84,0,1
5346,84,1,1
5347,84,3,0
5348,85,1,2
5349,85,0,3
5350,87,0,2
5351,87,0,2
5352,87,1,3
5353,87,0,3
5354,89,3,2
5355,89,1,3
5356,89,5,1
5357,89,0,2
5358,89,0,4
5359,89,0,1
5360,90,0,1
5361,91,4,0
5362,92,3,0
5363,92,0,0
5364,92,3,0
5365,93,1,3
5366,93,3,0
5367,93,3,1
5368,93,0,0
5369,93,2,5
5370,93,0,0
5371,93,1,1
5372,93,0,4
5373,93,1,0
5374,94,0,3
5375,94,3,0
5376,95,2,1
5377,95,2,0
5378,95,3,4
5379,95,1,1
5380,95,0,1
5381,96,2,0
5382,96,2,1
5383,96,0,2
5384,96,2,1
5385,97,3,0
5386,98,3,0
5387,99,1,0
5388,99,0,1
5389,99,0,3
5390,99,0,1
5391,99,3,1
5392,99,0,2
5393,99,1,0
5394,100,2,1
5395,100,5,1
5396,100,0,1
5397,100,0,0
5398,101,3,0
5399,101,1,0
5400,101,4,0
5401,101,3,1
5402,101,1,3
5403,101,0,0
5404,103,1,1
5405,103,0,6
5406,103,0,1
5407,103,1,0
5408,103,3,1
5409,104,2,3
5410,104,1,1
5411,104,1,1
5412,104,1,1
5413,104,0,0
5414,105,2,3
5415,105,4,1
5416,105,1,0
5417,105,2,1
5418,106,2,0
5419,106,1,0
5420,106,3,2
5421,106,0,1
5422,106,1,2
5423,106,2,2
5424,106,0,0
5425,107,0,0
5426,107,2,1
5427,107,1,1
5428,107,1,1
5429,108,2,1
5430,108,0,2
5431,108,3,1
5432,108,3,2
5433,108,2,0
5434,109,1,0
5435,109,2,0
5436,109,3,0
5437,109,4,1
5438,109,1,1
5439,109,2,3
5440,110,2,0
5441,110,1,0
5442,110,2,1
5443,111,2,0
5444,113,2,1
5445,113,1,2
5446,113,0,2
5447,113,0,2
5448,113,4,2
5449,114,1,0
5450,114,1,2
5451,114,1,2
5452,114,0,6
5453,115,1,0
5454,115,0,0
5455,115,0,2
5456,116,0,0
5457,116,0,4
5458,116,2,1
5459,117,1,0
5460,117,4,0
5461,117,1,1
5462,118,3,0
5463,118,2,2
5464,118,1,1
5465,118,4,1
5466,118,7,0
5467,119,0,2
5468,119,0,5
5469,119,1,1
5470,119,0,0
5471,119,0,1
5472,120,0,0
5473,120,0,0
5474,120,0,0
5475,120,3,0
5476,120,0,0
5477,121,5,0
5478,122,0,0
5479,122,1,2
5480,122,2,2
5481,122,0,0
5482,123,1,1
5483,123,2,0
5484,123,0,1
5485,123,0,2
5486,124,0,0
5487,124,4,1
5488,124,0,2
5489,124,0,4
5490,124,0,0
5491,124,2,0
5492,125,1,2
5493,126,0,2
5494,127,0,0
5495,127,0,3
5496,127,1,2
5497,127,1,3
5498,127,1,3
5499,127,1,0
5500,128,0,1
5501,128,2,0
5502,128,3,0
5503,128,2,0
5504,128,5,0
5505,129,4,1
5506,129,1,2
5507,129,1,1
5508,130,1,1
5509,130,2,0
5510,130,5,2
5511,131,5,0
5512,131,2,0
5513,131,2,1
5514,131,1,2
5515,131,2,1
5516,131,1,1
5517,131,2,0
5518,131,2,2
5519,131,4,1
5520,132,1,2
5521,132,0,0
5522,132,1,2
5523,132,3,1
5524,132,1,0
5525,133,4,1
5526,134,1,0
5527,134,1,3
5528,134,2,1
5529,134,1,0
5530,134,1,2
5531,135,5,1
5532,136,1,3
5533,136,4,1
5534,136,1,0
5535,136,4,0
5536,136,2,0
5537,136,0,3
5538,137,0,0
5539,137,2,0
5540,137,4,0
5541,137,1,1
5542,137,0,0
5543,137,1,2
5544,138,7,0
5545,139,2,0
5546,139,5,1
5547,139,1,2
5548,140,3,1
5549,141,0,2
5550,141,0,1
5551,141,0,1
5552,141,0,1
5553,142,1,0
5554,142,3,0
5555,142,2,2
5556,142,5,0
5557,142,0,2
5558,142,2,0
5559,143,2,0
5560,143,1,0
5561,143,2,3
5562,143,2,0
5563,144,0,1
5564,145,0,0
5565,145,1,0
5566,145,1,2
5567,146,1,3
5568,146,1,0
5569,146,1,0
5570,146,0,0
5571,146,1,1
5572,146,1,3
5573,146,1,0
5574,147,1,1
5575,147,3,0
5576,147,0,1
5577,147,1,1
5578,147,2,0
5579,147,0,3
5580,147,1,0
5581,147,4,1
5582,147,7,0
5583,149,2,1
5584,149,4,0
5585,149,0,1
5586,149,1,4
5587,149,3,0
5588,150,4,1
5589,150,4,0
5590,150,2,2
5591,150,2,1
5592,151,0,0
5593,151,3,2
5594,151,6,0
5595,151,8,0
5596,152,2,0
5597,153,2,1
5598,154,1,0
5599,156,1,3
5600,156,0,1
5601,156,1,0
5602,156,1,2
5603,156,1,0
5604,156,2,0
5605,156,3,0
5606,156,2,0
5607,156,2,1
5608,157,6,0
5609,157,5,1
5610,157,2,0
5611,157,0,1
5612,157,2,0
5613,157,1,0
5614,157,2,0
5615,157,3,0
5616,157,2,0
5617,159,3,0
5618,159,0,6
5619,159,0,4
5620,159,0,3
5621,159,2,0
5622,160,0,2
5623,160,1,1
5624,160,2,0
5625,160,0,1
5626,160,2,0
5627,160,0,2
5628,160,3,1
5629,161,2,0
5630,161,5,1
5631,162,0,0
5632,162,1,0
5633,162,0,1
5634,162,1,1
5635,162,1,2
5636,162,1,3
5637,162,2,2
5638,162,0,6
5639,164,0,0
5640,164,2,1
5641,164,3,0
5642,164,2,0
5643,164,4,0
5644,165,2,0
5645,165,3,0
5646,165,12,0
5647,165,1,3
5648,165,5,0
5649,165,0,1
5650,166,3,1
5651,166,3,0
5652,166,1,1
5653,166,2,0
5654,166,5,1
5655,168,6,1
5656,169,3,0
5657,169,2,2
5658,170,0,0
5659,171,0,1
5660,171,2,2
5661,172,1,0
5662,172,0,1
5663,172,2,0
5664,172,0,0
5665,172,2,0
5666,174,0,1
5667,174,1,0
5668,174,1,1
5669,174,0,3
5670,174,0,0
5671,174,1,1
5672,174,0,0
5673,174,1,1
5674,175,6,1
5675,175,1,2
5676,175,1,1
5677,175,2,3
5678,176,0,3
5679,176,1,2
5680,176,2,2
5681,177,0,1
5682,177,0,2
5683,177,2,0
5684,177,2,1
5685,177,1,0
5686,179,2,0
5687,179,0,1
5688,179,2,1
5689,180,1,1
5690,180,1,1
5691,180,1,0
5692,180,5,0
5693,181,1,1
5694,181,0,3
5695,181,5,1
5696,181,0,1
5697,181,1,0
5698,182,3,3
5699,182,1,3
5700,182,3,0
5701,182,2,1
5702,182,2,0
5703,183,2,0
5704,183,3,1
5705,183,1,0
5706,183,1,0
5707,183,3,0
5708,183,6,0
5709,183,1,0
5710,184,8,1
5711,184,1,1
5712,184,0,1
5713,184,3,0
5714,186,1,0
5715,186,1,1
5716,186,1,1
5717,187,2,0
5718,187,0,0
5719,187,2,0
5720,187,3,0
5721,187,0,0
5722,187,1,1
5723,187,4,1
5724,187,1,1
5725,190,0,0
5726,190,1,2
5727,190,3,2
5728,190,2,1
5729,190,1,0
5730,191,6,0
5731,192,2,0
5732,192,2,1
5733,192,2,0
5734,192,3,0
5735,192,1,2
5736,192,3,0
5737,193,2,0
5738,193,1,0
5739,193,7,0
5740,193,2,2
5741,194,2,0
5742,194,2,2
5743,195,3,0
5744,195,1,2
5745,195,0,0
5746,195,2,2
5747,195,4,2
5748,196,10,0
5749,196,4,1
5750,196,3,0
5751,196,2,0
5752,196,6,0
5753,197,1,1
5754,197,2,2
5755,197,2,0
5756,197,2,0
5757,197,1,0
5758,198,0,1
5759,198,2,1
5760,199,2,0
5761,200,0,0
5762,200,0,0
5763,201,2,2
5764,201,1,0
5765,201,2,2
5766,202,1,0
5767,202,2,0
5768,202,0,4
5769,202,0,1
5770,202,2,0
5771,203,0,0
5772,203,0,1
5773,203,3,2
5774,203,1,0
5775,203,1,0
5776,204,2,1
5777,204,1,4
5778,205,1,1
5779,205,4,0
5780,205,3,2
5781,205,0,0
5782,205,1,1
5783,205,1,2
5784,205,1,3
5785,205,3,2
5786,205,0,0
5787,206,1,1
5788,206,1,1
5789,206,0,0
5790,206,2,2
5791,206,3,1
5792,206,0,0
5793,207,2,0
5794,207,0,1
5795,207,4,1
5796,207,1,0
5797,207,4,0
5798,208,0,1
5799,208,0,1
5800,208,1,1
5801,208,0,2
5802,208,2,0
5803,209,0,1
5804,210,0,0
5805,210,2,1
5806,213,1,0
5807,213,3,1
5808,214,2,1
5809,214,0,0
5810,214,0,0
5811,214,1,0
5812,215,1,1
5813,215,0,1
5814,216,2,0
5815,216,2,0
5816,216,2,0
5817,216,2,1
5818,216,0,0
5819,216,1,2
5820,216,0,1
5821,216,1,0
5822,216,1,2
5823,216,2,0
5824,216,2,0
5825,218,0,1
5826,218,1,4
5827,218,1,0
5828,218,3,0
5829,218,2,2
5830,218,2,0
5831,218,2,1
5832,218,1,2
5833,219,4,0
5834,219,3,0
5835,219,1,0
5836,219,1,1
5837,220,2,0
5838,220,1,0
5839,220,3,1
5840,221,2,1
5841,221,4,0
5842,221,7,0
5843,221,3,0
5844,221,1,0
5845,221,1,0
5846,222,1,3
5847,223,1,0
5848,223,3,0
5849,223,4,1
5850,225,5,1
5851,225,2,1
5852,227,1,1
5853,227,0,1
5854,227,0,1
5855,28,3,1
5856,41,3,1
5857,131,1,0
5858,190,1,5
5859,43,3,0
5860,68,1,2
5861,218,1,3
5862,77,3,0
5863,196,2,1
5864,82,4,0
5865,21,2,1
5866,28,0,0
5867,165,1,1
5868,13,2,3
5869,35,0,4
5870,190,0,2
5871,106,0,0
5872,218,2,1
5873,93,1,2
5874,104,0,1
5875,196,2,5
5876,82,2,2
5877,21,1,0
5878,187,2,4
5879,13,0,3
5880,35,1,4
5881,49,1,3
5882,141,2,0
5883,47,0,0
5884,104,0,1
5885,106,1,4
5886,65,0,0
5887,93,0,3
5888,146,2,3
5889,3,1,1
5890,160,2,1
5891,187,0,1
5892,28,1,1
5893,43,2,0
5894,47,1,1
5895,141,2,1
5896,77,2,0
5897,82,2,1
5898,10,1,0
5899,28,2,1
5900,77,0,1
5901,10,1,0
5902,141,0,0
5903,28,1,7
5904,141,0,0
5905,28,0,3
5906,82,1,0
5907,53,2,0
5908,56,4,1
5909,57,2,2
5910,57,1,1
5911,65,2,2
5912,66,1,0
5913,77,0,0
5914,77,2,1
5915,77,3,1
5916,77,7,0
5917,79,0,3
5918,1,0,1
5919,2,1,0
5920,2,3,1
5921,2,3,2
5922,2,1,0
5923,2,2,1
5924,3,2,0
5925,3,0,1
5926,3,1,0
5927,3,1,3
5928,3,0,2
5929,4,0,3
5930,4,2,3
5931,5,1,3
5932,5,0,6
5933,5,1,1
5934,5,5,0
5935,5,2,2
5936,6,7,0
5937,6,0,2
5938,6,1,3
5939,7,0,1
5940,9,0,0
5941,9,1,0
5942,9,1,1
5943,9,2,1
5944,9,2,2
5945,9,4,0
5946,10,1,0
5947,10,1,1
5948,10,0,0
5949,10,1,0
5950,10,0,0
5951,10,2,1
5952,10,1,1
5953,10,2,0
5954,10,0,2
5955,10,3,0
5956,10,2,2
5957,10,1,0
5958,11,5,0
5959,11,1,1
5960,11,1,0
5961,11,1,2
5962,11,0,0
5963,12,4,0
5964,13,5,0
5965,13,2,0
5966,13,3,0
5967,13,1,3
5968,13,0,6
5969,13,1,0
5970,13,2,1
5971,13,4,1
5972,13,2,0
5973,14,1,2
5974,14,2,0
5975,14,0,2
5976,14,3,1
5977,14,1,1
5978,15,2,1
5979,15,4,1
5980,15,0,1
5981,15,4,0
5982,15,2,0
5983,16,1,0
5984,17,2,1
5985,17,0,3
5986,17,1,3
5987,18,0,0
5988,18,1,2
5989,19,1,0
5990,19,1,0
5991,19,0,0
5992,20,0,0
5993,20,2,0
5994,20,1,2
5995,20,0,2
5996,21,4,0
5997,21,1,1
5998,21,1,0
5999,21,0,2
6000,21,0,1
6001,21,1,0
6002,21,2,2
6003,21,1,1
6004,22,1,1
6005,22,2,1
6006,22,8,1
6007,22,1,0
6008,23,2,3
6009,23,0,0
6010,23,1,0
6011,24,2,1
6012,24,4,2
6013,24,3,0
6014,25,1,1
6015,25,1,0
6016,25,0,1
6017,25,2,2
6018,25,0,0
6019,25,1,0
6020,25,5,1
6021,25,0,1
6022,26,1,0
6023,26,3,0
6024,26,5,0
6025,26,1,3
6026,26,2,0
6027,26,4,0
6028,26,0,0
6029,27,2,0
6030,27,4,2
6031,27,0,0
6032,28,1,0
6033,28,3,1
6034,29,0,4
6035,31,2,4
6036,31,1,2
6037,31,2,0
6038,31,1,0
6039,31,2,2
6040,32,2,1
6041,32,1,1
6042,32,2,1
6043,32,2,0
6044,33,0,1
6045,34,1,4
6046,35,3,0
6047,35,4,2
6048,35,1,0
6049,35,3,0
6050,35,5,0
6051,35,1,0
6052,36,6,1
6053,36,2,1
6054,36,1,3
6055,36,0,1
6056,36,0,3
6057,36,0,1
6058,37,0,1
6059,37,2,1
6060,37,0,1
6061,38,1,4
6062,38,7,0
6063,38,2,1
6064,39,2,1
6065,39,0,2
6066,39,0,1
6067,40,2,1
6068,41,0,1
6069,41,0,0
6070,41,0,4
6071,41,2,5
6072,41,3,1
6073,41,3,0
6074,41,1,2
6075,41,1,1
6076,41,2,0
6077,42,1,2
6078,42,1,1
6079,42,2,2
6080,42,0,0
6081,43,1,7
6082,43,0,1
6083,43,0,1
6084,43,1,2
6085,43,1,0
6086,43,4,0
6087,43,3,1
6088,43,4,2
6089,43,2,0
6090,43,2,1
6091,43,3,0
6092,44,4,1
6093,45,1,2
6094,45,3,1
6095,45,3,0
6096,45,2,0
6097,46,1,2
6098,47,0,0
6099,47,1,1
6100,47,2,0
6101,47,2,2
6102,47,0,2
6103,47,6,2
6104,47,0,2
6105,47,1,3
6106,47,0,2
6107,48,0,2
6108,48,4,0
6109,48,2,0
6110,48,0,2
6111,48,1,4
6112,48,3,1
6113,49,0,1
6114,49,1,0
6115,49,1,1
6116,49,1,1
6117,49,4,1
6118,50,4,2
6119,50,2,3
6120,50,1,0
6121,51,1,1
6122,51,3,0
6123,51,1,2
6124,52,2,1
6125,52,0,0
6126,53,3,0
6127,53,4,0
6128,56,2,1
6129,56,1,0
6130,57,0,0
6131,58,4,2
6132,59,2,0
6133,59,1,3
6134,60,3,0
6135,60,0,2
6136,60,3,0
6137,60,0,1
6138,64,1,2
6139,65,2,2
6140,65,2,0
6141,65,2,4
6142,65,1,0
6143,65,0,2
6144,65,3,1
6145,66,2,0
6146,67,2,0
6147,67,1,0
6148,67,4,1
6149,67,1,0
6150,67,2,0
6151,67,2,0
6152,68,1,0
6153,68,0,3
6154,68,4,0
6155,69,2,0
6156,69,3,1
6157,70,0,0
6158,71,0,1
6159,71,1,0
6160,72,2,2
6161,72,1,1
6162,74,4,1
6163,74,2,1
6164,75,1,2
6165,75,2,2
6166,76,0,0
6167,76,2,0
6168,77,7,0
6169,77,0,5
6170,79,1,2
6171,80,3,0
6172,81,0,1
6173,81,1,1
6174,82,1,0
6175,82,2,0
6176,82,0,1
6177,82,2,0
6178,83,1,1
6179,83,1,2
6180,83,1,0
6181,84,1,1
6182,84,0,0
6183,84,1,2
6184,84,1,2
6185,85,1,0
6186,85,0,0
6187,85,4,0
6188,87,2,0
6189,87,2,2
6190,87,0,1
6191,87,3,0
6192,87,0,1
6193,87,1,1
6194,89,1,0
6195,90,1,1
6196,91,2,1
6197,91,1,0
6198,91,0,1
6199,91,2,1
6200,91,2,2
6201,91,2,0
6202,92,1,0
6203,92,2,0
6204,92,1,1
6205,93,2,2
6206,93,6,0
6207,93,0,4
6208,93,3,0
6209,93,0,0
6210,94,1,1
6211,95,0,2
6212,95,5,1
6213,95,1,1
6214,95,2,1
6215,96,2,1
6216,96,0,2
6217,96,5,2
6218,96,1,0
6219,96,1,0
6220,96,2,0
6221,97,1,0
6222,98,2,1
6223,98,1,1
6224,98,0,0
6225,98,2,3
6226,99,1,0
6227,99,2,2
6228,99,10,0
6229,99,1,3
6230,99,0,0
6231,99,3,1
6232,99,0,2
6233,99,0,1
6234,99,2,1
6235,99,0,2
6236,100,2,1
6237,100,1,1
6238,100,1,1
6239,100,0,0
6240,100,0,3
6241,100,2,1
6242,100,3,1
6243,100,2,0
6244,101,4,1
6245,101,4,2
6246,101,5,0
6247,101,3,0
6248,101,2,1
6249,103,6,0
6250,103,1,1
6251,103,1,1
6252,103,0,0
6253,103,1,0
6254,104,2,0
6255,104,3,0
6256,104,10,0
6257,104,1,2
6258,104,1,1
6259,104,0,2
6260,104,1,0
6261,105,3,0
6262,105,1,2
6263,105,0,2
6264,105,3,1
6265,105,1,1
6266,105,2,1
6267,105,0,0
6268,105,1,1
6269,106,2,1
6270,106,2,2
6271,106,1,1
6272,106,4,0
6273,106,1,1
6274,106,0,3
6275,106,4,0
6276,106,3,0
6277,106,1,0
6278,107,2,2
6279,107,2,2
6280,107,0,3
6281,107,2,0
6282,107,1,2
6283,107,3,0
6284,107,1,2
6285,107,2,1
6286,107,2,2
6287,107,4,2
6288,108,2,1
6289,108,0,0
6290,108,4,0
6291,108,5,2
6292,108,4,1
6293,109,2,1
6294,109,1,1
6295,109,1,4
6296,109,3,0
6297,110,3,1
6298,110,1,1
6299,110,1,3
6300,110,2,0
6301,111,0,3
6302,112,0,3
6303,112,0,2
6304,113,0,1
6305,113,0,0
6306,113,1,2
6307,113,1,2
6308,113,2,0
6309,114,1,3
6310,114,1,2
6311,114,1,1
6312,114,2,1
6313,114,4,1
6314,114,4,2
6315,114,2,0
6316,114,4,0
6317,115,0,2
6318,115,0,1
6319,115,1,0
6320,115,7,2
6321,116,3,1
6322,116,2,1
6323,116,1,2
6324,117,4,1
6325,117,1,1
6326,117,0,1
6327,118,2,3
6328,118,1,1
6329,118,2,3
6330,118,3,0
6331,118,0,1
6332,119,2,4
6333,119,6,1
6334,119,5,1
6335,119,0,4
6336,119,0,1
6337,120,0,2
6338,120,1,2
6339,120,0,5
6340,120,1,2
6341,120,4,0
6342,121,4,0
6343,122,4,0
6344,122,1,1
6345,122,1,2
6346,122,1,2
6347,122,1,1
6348,123,0,0
6349,124,0,5
6350,124,2,0
6351,124,1,1
6352,125,1,0
6353,125,1,1
6354,126,3,1
6355,127,1,0
6356,127,2,0
6357,127,4,0
6358,128,1,1
6359,128,3,2
6360,128,4,0
6361,128,2,0
6362,128,1,1
6363,131,6,0
6364,131,0,1
6365,131,5,0
6366,131,2,1
6367,131,2,2
6368,131,0,3
6369,131,1,4
6370,131,1,1
6371,131,3,1
6372,131,3,0
6373,132,0,0
6374,132,4,0
6375,132,1,1
6376,132,2,0
6377,132,1,1
6378,133,2,0
6379,134,2,1
6380,134,2,1
6381,134,0,1
6382,134,7,0
6383,134,2,1
6384,135,3,0
6385,136,3,1
6386,136,2,2
6387,136,6,0
6388,137,2,3
6389,137,0,5
6390,137,2,2
6391,137,2,0
6392,138,1,2
6393,138,0,2
6394,139,2,1
6395,139,3,2
6396,139,0,2
6397,139,1,4
6398,140,0,1
6399,140,1,0
6400,141,1,1
6401,141,4,1
6402,141,2,3
6403,141,4,3
6404,141,6,0
6405,141,5,0
6406,142,3,0
6407,142,5,0
6408,142,0,0
6409,142,1,0
6410,142,3,0
6411,143,4,0
6412,143,1,0
6413,143,1,1
6414,143,1,5
6415,143,1,2
6416,144,2,0
6417,144,0,3
6418,145,0,2
6419,145,2,0
6420,145,0,4
6421,146,1,0
6422,146,1,0
6423,146,0,1
6424,146,1,0
6425,146,8,0
6426,146,2,1
6427,146,2,1
6428,147,3,7
6429,147,2,1
6430,147,2,1
6431,149,2,3
6432,149,1,3
6433,149,1,2
6434,149,9,0
6435,149,2,0
6436,150,4,0
6437,150,0,1
6438,150,3,0
6439,150,2,0
6440,150,1,1
6441,151,2,0
6442,151,3,2
6443,151,2,1
6444,151,2,2
6445,151,0,2
6446,151,2,1
6447,151,4,1
6448,151,1,1
6449,152,0,1
6450,153,0,0
6451,153,2,2
6452,154,0,1
6453,154,0,3
6454,154,0,2
6455,154,0,0
6456,154,0,1
6457,154,6,2
6458,154,1,6
6459,154,4,0
6460,154,4,0
6461,154,2,2
6462,155,0,1
6463,155,2,1
6464,156,2,1
6465,156,3,1
6466,156,1,0
6467,156,1,7
6468,156,4,1
6469,156,0,4
6470,156,4,0
6471,156,0,3
6472,157,2,0
6473,157,2,1
6474,157,1,1
6475,157,0,0
6476,157,2,1
6477,157,1,0
6478,157,0,1
6479,157,0,1
6480,158,1,2
6481,158,2,0
6482,159,2,1
6483,159,1,1
6484,159,1,0
6485,159,2,5
6486,159,4,1
6487,160,3,1
6488,160,2,0
6489,160,2,0
6490,160,0,2
6491,160,0,2
6492,160,4,0
6493,160,2,1
6494,161,3,2
6495,161,1,4
6496,161,0,2
6497,162,1,0
6498,162,1,1
6499,162,2,1
6500,162,1,1
6501,162,1,0
6502,162,0,0
6503,162,0,3
6504,162,0,0
6505,164,0,1
6506,164,1,0
6507,164,1,2
6508,164,1,0
6509,164,2,0
6510,164,1,0
6511,165,4,1
6512,165,0,1
6513,165,1,0
6514,165,1,0
6515,165,2,1
6516,165,3,0
6517,166,2,0
6518,166,2,1
6519,166,2,1
6520,166,0,0
6521,168,0,0
6522,168,2,1
6523,168,1,2
6524,169,0,2
6525,169,1,0
6526,169,1,1
6527,169,0,0
6528,170,3,1
6529,170,1,1
6530,170,2,3
6531,171,0,3
6532,171,1,1
6533,171,0,1
6534,172,0,0
6535,172,0,0
6536,172,0,2
6537,172,1,1
6538,172,2,2
6539,173,3,0
6540,174,6,0
6541,174,1,0
6542,174,1,2
6543,174,3,0
6544,175,3,0
6545,175,5,1
6546,175,1,1
6547,175,2,1
6548,175,2,1
6549,176,1,1
6550,176,2,0
6551,176,0,2
6552,176,1,2
6553,177,0,2
6554,177,4,0
6555,177,0,3
6556,177,1,1
6557,177,1,2
6558,179,1,1
6559,180,0,0
6560,180,3,0
6561,180,0,0
6562,181,2,1
6563,181,1,2
6564,181,2,1
6565,181,5,0
6566,182,4,0
6567,182,1,0
6568,182,0,0
6569,182,1,0
6570,182,1,1
6571,183,3,0
6572,183,4,0
6573,183,3,1
6574,183,0,0
6575,183,2,0
6576,184,3,0
6577,184,1,0
6578,184,0,0
6579,184,3,0
6580,184,1,0
6581,185,1,1
6582,186,1,1
6583,186,4,2
6584,186,2,2
6585,187,3,1
6586,187,1,2
6587,187,0,7
6588,187,0,0
6589,187,2,1
6590,187,1,0
6591,187,0,4
6592,187,0,2
6593,187,2,4
6594,190,0,2
6595,190,1,1
6596,190,2,1
6597,190,2,0
6598,190,0,3
6599,190,2,1
6600,191,0,0
6601,192,1,0
6602,192,1,1
6603,192,3,2
6604,193,1,3
6605,193,2,1
6606,193,8,0
6607,194,6,1
6608,195,1,3
6609,195,3,0
6610,195,0,0
6611,195,3,0
6612,195,0,2
6613,195,0,3
6614,196,1,0
6615,196,0,4
6616,196,0,1
6617,196,2,0
6618,196,0,2
6619,196,2,1
6620,196,0,3
6621,197,2,0
6622,198,4,0
6623,198,1,0
6624,198,0,2
6625,198,0,2
6626,198,5,3
6627,198,1,0
6628,199,3,1
6629,200,2,1
6630,200,1,3
6631,200,1,0
6632,200,1,0
6633,201,0,0
6634,201,0,0
6635,201,1,2
6636,201,6,0
6637,202,0,1
6638,202,1,1
6639,202,2,0
6640,202,1,2
6641,203,2,1
6642,203,1,1
6643,203,1,2
6644,203,1,0
6645,204,1,3
6646,205,0,0
6647,205,6,0
6648,205,1,1
6649,206,1,0
6650,206,1,3
6651,206,1,1
6652,206,1,3
6653,207,1,3
6654,207,10,0
6655,207,0,3
6656,207,0,5
6657,207,0,1
6658,208,0,1
6659,209,3,0
6660,211,3,0
6661,211,3,0
6662,211,2,1
6663,211,1,1
6664,213,0,1
6665,213,3,0
6666,213,0,0
6667,214,1,0
6668,214,0,0
6669,214,1,0
6670,214,0,0
6671,214,2,1
6672,214,4,0
6673,215,0,4
6674,215,2,3
6675,215,1,1
6676,215,3,1
6677,216,1,0
6678,216,3,2
6679,216,1,2
6680,216,1,1
6681,216,3,0
6682,216,0,4
6683,216,4,0
6684,216,3,0
6685,216,0,1
6686,216,0,1
6687,216,1,1
6688,216,2,2
6689,218,1,0
6690,218,1,0
6691,218,2,0
6692,218,2,0
6693,218,1,2
6694,218,3,1
6695,218,4,0
6696,218,1,1
6697,218,0,4
6698,218,2,3
6699,218,2,0
6700,219,0,1
6701,219,1,0
6702,219,1,8
6703,219,1,0
6704,219,2,0
6705,219,0,0
6706,219,0,3
6707,219,3,0
6708,219,0,0
6709,220,2,1
6710,220,0,0
6711,221,2,0
6712,221,1,1
6713,221,0,1
6714,221,0,7
6715,221,0,0
6716,221,3,0
6717,221,2,3
6718,221,0,2
6719,222,0,1
6720,222,1,2
6721,223,0,3
6722,223,4,2
6723,223,4,0
6724,223,0,3
6725,223,1,1
6726,225,3,1
6727,227,2,2
6728,227,4,0
6729,227,1,0
6730,228,3,0
6731,228,0,0
6732,228,1,0
6733,82,2,1
6734,83,1,2
6735,77,4,3
6736,218,2,1
6737,49,1,1
6738,190,1,1
6739,21,3,2
6740,28,2,0
6741,43,1,1
6742,195,1,0
6743,28,1,2
6744,218,0,2
6745,165,2,2
6746,195,0,2
6747,77,1,0
6748,49,2,1
6749,21,2,0
6750,77,4,2
6751,162,0,2
6752,68,6,2
6753,176,0,2
6754,216,1,1
6755,10,1,2
6756,57,0,0
6757,77,4,1
6758,131,0,0
6759,21,1,0
6760,82,1,2
6761,136,0,0
6762,190,7,0
6763,28,2,0
6764,160,3,2
6765,196,1,0
6766,218,0,0
6767,68,0,0
6768,141,1,1
6769,162,1,3
6770,223,0,2
6771,10,2,0
6772,77,2,1
6773,159,2,0
6774,206,0,1
6775,21,0,2
6776,49,4,1
6777,106,0,1
6778,190,1,1
6779,28,1,0
6780,35,3,3
6781,160,2,0
6782,187,2,3
6783,65,1,2
6784,99,0,1
6785,141,2,0
6786,223,0,3
6787,13,1,0
6788,159,0,2
6789,174,1,2
6790,206,1,0
6791,36,1,2
6792,47,2,4
6793,49,0,0
6794,106,2,1
6795,35,1,0
6796,83,0,2
6797,177,2,3
6798,187,2,1
6799,10,2,1
6800,141,3,1
6801,68,3,0
6802,77,3,1
6803,28,4,1
6804,106,1,1
6805,136,0,0
6806,160,6,1
6807,49,1,1
6808,141,2,2
6809,68,1,2
6810,136,1,0
6811,10,3,0
6812,77,2,0
6813,49,2,1
6814,10,3,3
